Labels,F1,F2,F3,F4,F5,F6,F7,F8,F9,F10,F11,F12,F13,F14,F15,F16,F17,F18
1,0.315017862,0.10506034,0.075913886,0.064558223,0.76707718,0.770860668,0.769462612,0.088371416,0.08780596,0.089051563,0.08865773,0.566529874,0.05989339,0.277700898,0.500226963,0.393685027,0.016850692,0.065506628
1,0.597310635,0.45649364,0.403966987,0.367882225,0.399237224,0.373282035,0.365940588,0.336841377,0.312095325,0.290885838,0.264991689,0.511623329,0.128473534,0.175891598,0.339990921,0.433175694,0.06433513,0.052067042
1,0.48999917,0.256580616,0.220745903,0.210259087,0.487443376,0.454824849,0.444068424,0.258085687,0.259474035,0.264091875,0.258969543,0.419175209,0.097771321,0.161377039,0.362233318,0.27543288,0.043810936,0.049042354
1,0.666515246,0.744349549,0.584653716,0.490782481,0,0.044283718,0.106833098,0.423655573,0.400397549,0.388101707,0.36883907,0.685056242,0.030992111,0.411514514,0.632773491,0.476660701,0.013883199,0.022316086
1,0.686092493,0.527778113,0.483349554,0.463070608,0.26128558,0.253401391,0.273840435,0.465242261,0.443936639,0.423320506,0.395138599,0.605882249,0.05880735,0.289854263,0.49931911,0.353755453,0.014066388,0.081336045
1,0.956251944,0.542950677,0.498890489,0.483510487,0.235258973,0.223409224,0.235029031,0.930048439,0.959661283,0.998167746,1,0.499493818,0.099337872,0.190054295,0.379482524,0.413874647,0.032479881,0.122663364
1,0.495097667,0.419335355,0.345478257,0.303703616,0.293938015,0.308156292,0.313974276,0.249311043,0.23402102,0.219755666,0.204047001,0.617360964,0.048529213,0.330005039,0.55197458,0.39239496,0.021011611,0.029742569
1,0.768899334,0.843454416,0.740320006,0.672475562,0.090366487,0.09274316,0.115856367,0.580459444,0.550016101,0.528051827,0.494574666,0.617886376,0.06645415,0.300035332,0.498411257,0.526385561,0.031113617,0.037895057
1,1,1,1,1,0.029427147,0,0,1,1,1,0.9638196,0.625178868,0.074193933,0.286232851,0.471629596,0.431090171,0.041121622,0.044404315
1,0.630840842,0.489435982,0.436968116,0.405808105,0.228589607,0.203573441,0.203979484,0.407130332,0.40165971,0.39804109,0.386479234,0.547400699,0.05636104,0.269430457,0.496595552,0.378075901,0.022277531,0.040667845
1,0.750076593,0.467148259,0.414964768,0.385949511,0.284824126,0.274109841,0.285336443,0.547505266,0.54647172,0.548452804,0.528943065,0.500215245,0.10417852,0.193256189,0.380390377,0.417484423,0.042118072,0.059402477
1,0.78388741,0.476619031,0.409989489,0.371797001,0.312860505,0.317888286,0.338145303,0.630087946,0.636368432,0.648171303,0.639098569,0.573928002,0.1095503,0.221265515,0.388561053,0.276050231,0.024322303,0.157224855
1,0.316758513,0.207813387,0.150274458,0.120124324,0.581648725,0.595578202,0.615146962,0.106724045,0.100407333,0.101617649,0.099569294,0.547410922,0.101678408,0.222012554,0.406718112,0.336905599,0.036433333,0.056038078
1,0.380053252,0.212681654,0.17483552,0.152854228,0.552026202,0.5230635,0.521685625,0.166983436,0.162901102,0.160192698,0.153506055,0.536530405,0.063854422,0.245637371,0.468906037,0.384716698,0.028215272,0.035773337
1,0.536053587,0.205228253,0.174095846,0.165239157,0.560589342,0.533045704,0.523869828,0.306424368,0.318867548,0.3324802,0.333720019,0.500592324,0.072551567,0.220355696,0.438492964,0.384860284,0.033420915,0.060370849
1,0.500294724,0.249634578,0.219982871,0.202405808,0.463299102,0.42029336,0.424393265,0.291336267,0.297460684,0.298307992,0.29094451,0.538262927,0.070347773,0.236617714,0.448479346,0.426789693,0.034329773,0.071837303
1,0.260886937,0.143982315,0.111301437,0.096196735,0.690284451,0.6772294,0.668859279,0.085054408,0.082362085,0.082750612,0.081246008,0.528188886,0.061969819,0.249999654,0.478438493,0.274799326,0.018567424,0.053644606
1,0.379903884,0.246022638,0.208093588,0.186153554,0.487519012,0.453575292,0.447466073,0.167589937,0.168158101,0.168996737,0.162784312,0.689796897,0.035392007,0.403987234,0.615070359,0.484757189,0.017393365,0.025828966
1,0.304110219,0.19017649,0.151399541,0.128143684,0.579855057,0.561101351,0.582626612,0.096952589,0.088934853,0.081940935,0.074545011,0.505238101,0.063971328,0.239534054,0.464366773,0.42253342,0.026877416,0.033550589
1,0.253881791,0.140491176,0.112967649,0.100360634,0.687912704,0.669494498,0.653959897,0.109775808,0.108296427,0.107828287,0.105538258,0.498483936,0.106772285,0.189712855,0.377666818,0.341563517,0.04491671,0.067055159
1,0.305362295,0.184510939,0.142231479,0.118000854,0.644324429,0.645375194,0.659307726,0.097550707,0.08884053,0.081712678,0.076580539,0.510099854,0.0951511,0.204455041,0.401270994,0.123786872,0.007574205,0.193497646
1,0.390800546,0.336417777,0.265009538,0.225597893,0.369207208,0.366039772,0.394377814,0.174208927,0.164389553,0.161243353,0.156311455,0.734430578,0.030786944,0.456110514,0.652292329,0.624983284,0.015616833,0.02091838
1,0.499298111,0.199478141,0.178716861,0.165879757,0.599704255,0.546683932,0.528394247,0.257564012,0.260665709,0.265108862,0.260414664,0.597396435,0.11354396,0.250942128,0.414888788,0.447257676,0.071411178,0.053542131
1,0.463415969,0.325823559,0.266111263,0.230888773,0.372670282,0.348253774,0.363816312,0.237333711,0.228320022,0.221714797,0.209795573,0.587045761,0.040724976,0.316700714,0.557421698,0.56172337,0.025314509,0.016870096
1,0.268074754,0.215762071,0.151664266,0.12099032,0.534894519,0.557728022,0.593573628,0.093155506,0.090631862,0.088331266,0.083573486,0.563345932,0.065845985,0.257296551,0.468452111,0.237642444,0.014301851,0.069374784
1,0.269588306,0.176538094,0.126994199,0.102863718,0.6082782,0.623049455,0.640135281,0.101382771,0.098911727,0.098981732,0.097711111,0.571378281,0.062628743,0.269751253,0.485701316,0.401171373,0.025448405,0.033198152
1,0.2495974,0.195467559,0.14192393,0.117122995,0.565948734,0.584795426,0.605205373,0.097336329,0.095362859,0.096892256,0.096160399,0.468291824,0.091321471,0.194334801,0.402178847,0.332635512,0.036155095,0.0414891
1,0.363182177,0.188690642,0.145972671,0.129175762,0.580130591,0.567225607,0.553373898,0.160746718,0.16149553,0.164053179,0.162511203,0.511963997,0.066420351,0.226688577,0.448479346,0.228584056,0.015117701,0.081637934
1,0.430169926,0.214771506,0.166640713,0.151371358,0.529005671,0.521326948,0.509629173,0.213513657,0.217154832,0.222772928,0.218165556,0.581959389,0.047698321,0.299658813,0.532001816,0.458224709,0.019571723,0.047312778
1,0.421777376,0.178519225,0.133075096,0.113231945,0.601838286,0.607574901,0.614739591,0.194334044,0.199925736,0.208036058,0.209241565,0.540430033,0.07867182,0.235193197,0.438946891,0.587574561,0.053508628,0.031241795
1,0.408933453,0.169761177,0.134496049,0.121049635,0.621422756,0.600588308,0.58462013,0.18714721,0.190573703,0.195894795,0.193756634,0.529081708,0.056455207,0.257019723,0.491148434,0.528667143,0.031834438,0.033962329
1,0.22289084,0.155168457,0.109907735,0.08559125,0.655027004,0.674269422,0.697409928,0.063544256,0.062350526,0.062796425,0.061371653,0.694924585,0.025232162,0.446309416,0.67135724,0.631384232,0.015259741,0.011279293
1,0.205332772,0.169145094,0.117273329,0.088485812,0.623772892,0.651796397,0.685171459,0.067569373,0.063057058,0.062170483,0.059528129,0.636867911,0.049222611,0.332412268,0.544711757,0.679590791,0.030454811,0.013785941
1,0.369669543,0.202184076,0.150745513,0.12195122,0.556051148,0.554316683,0.571861613,0.160725939,0.161662355,0.165994212,0.166893354,0.651030019,0.035105704,0.375786766,0.603722197,0.550701017,0.013321514,0.04003574
1,0.217615706,0.156593904,0.120232024,0.100479264,0.649829691,0.634986765,0.636884979,0.065270318,0.062828153,0.06138565,0.059006042,0.752243204,0.022446491,0.50422146,0.706309578,0.674704867,0.011362001,0.013219417
1,0.17505839,0.164131866,0.110978316,0.084203284,0.632973541,0.662308357,0.695511751,0.04818676,0.043284114,0.044119406,0.045091033,0.570420963,0.072889619,0.254171793,0.457557876,0.917312626,0.057245686,0.01224772
1,0.255984315,0.180596997,0.141702028,0.116173958,0.621633458,0.609902973,0.630618398,0.088202944,0.084694135,0.083610903,0.082219767,0.587226757,0.043903355,0.311364577,0.547435315,0.447441427,0.023554365,0.019231653
1,0.300048558,0.163503703,0.128446296,0.10607858,0.639499896,0.614314433,0.61882197,0.115525371,0.115067871,0.117495104,0.118239779,0.467324029,0.092420197,0.191398179,0.396731729,0.445706976,0.051252684,0.031715247
1,0.285298705,0.18834032,0.148429167,0.128796147,0.580849138,0.558989457,0.554760693,0.122271057,0.121386754,0.121822337,0.119201633,0.549605869,0.054119515,0.267855069,0.498865184,0.54188816,0.030632368,0.027692247
1,0.204995993,0.110327249,0.094090396,0.081617159,0.753289714,0.71292255,0.701839005,0.063561955,0.059755046,0.056401905,0.052636234,0.566876155,0.045724986,0.306219352,0.542896051,0.459705629,0.026136326,0.020492937
1,0.304708156,0.16484459,0.132884338,0.115331688,0.633389542,0.60242701,0.599268156,0.125008548,0.123691642,0.123467479,0.12121307,0.533318704,0.067755763,0.239514966,0.456650023,0.404093901,0.036119566,0.032956688
1,0.375429313,0.182300286,0.136337447,0.107027617,0.594355669,0.592062337,0.625963966,0.15530759,0.154083455,0.158226848,0.162735322,0.544937178,0.061896509,0.256422911,0.478892419,0.380362732,0.035796358,0.033690121
1,0.220026666,0.189355045,0.14287772,0.113362437,0.584739019,0.5878433,0.625703942,0.065889476,0.059425099,0.055521801,0.051160763,0.684272452,0.043607025,0.383709673,0.586472991,0.646479863,0.025705574,0.016382382
1,0.293219523,0.21202933,0.152073033,0.115794344,0.532998202,0.543966263,0.588945198,0.110372394,0.106792882,0.106344823,0.10432991,0.630064179,0.043975224,0.337781287,0.560599183,0.381784965,0.015406782,0.03774247
1,0.339085607,0.176960897,0.132386032,0.100408086,0.607332743,0.603120681,0.638705148,0.130246727,0.130331323,0.133748043,0.135828014,0.647838961,0.038329561,0.372071861,0.597367227,0.406059248,0.02340552,0.020857492
1,0.308772498,0.237639072,0.188211936,0.159319541,0.477805116,0.453915,0.466863872,0.140635847,0.135705072,0.135276352,0.133464519,0.643135966,0.03537701,0.371621986,0.602360418,0.604162994,0.02420627,0.015719272
1,0.237561,0.186226308,0.142990618,0.111654171,0.596792247,0.582367579,0.610518533,0.077745125,0.072346142,0.070709073,0.068158387,0.708646613,0.045701742,0.395427197,0.583749433,0.598297851,0.027701707,0.017880676
1,0.225855116,0.230982955,0.164810994,0.127942014,0.491652011,0.505928412,0.54685596,0.077426009,0.07107401,0.069494915,0.068815558,0.706654999,0.026348763,0.458679662,0.675896505,0.431646229,0.009357484,0.021743132
1,0.353762295,0.23552506,0.19056332,0.168003227,0.489728681,0.470030962,0.476744789,0.166308588,0.165141896,0.164819709,0.157890958,0.548248398,0.056199639,0.267488071,0.496595552,0.542257614,0.034902297,0.01855578
1,0.318863686,0.203790725,0.16137735,0.137230711,0.553430881,0.529090356,0.537469089,0.12623472,0.121823357,0.119105096,0.117701505,0.373670936,0.153760638,0.116702117,0.278710849,0.221568536,0.049957824,0.095950504
1,0.123803611,0.041108467,0.031031261,0.02609851,0.908074554,0.905321099,0.904657821,0.02436064,0.022363556,0.021000926,0.020428759,0.517157418,0.081791019,0.217679381,0.423059464,0.596316509,0.047050884,0.023689917
1,0.351623277,0.125886375,0.102269631,0.087192749,0.718496892,0.68796704,0.681470449,0.138380034,0.138735934,0.139042242,0.135687957,0.334924538,0.142141171,0.112151468,0.283250113,0.314542224,0.077363146,0.060918811
1,0.429608689,0.325618197,0.265029003,0.226855367,0.387392401,0.362930132,0.379695119,0.224505137,0.219537732,0.216249245,0.211270113,0.54318944,0.093018899,0.226435424,0.416250567,0.42664202,0.037105998,0.044206855
1,0.431343942,0.300189657,0.246354187,0.207447566,0.434011541,0.415830336,0.44627557,0.193757598,0.182254641,0.175725941,0.172475615,0.476409253,0.112809523,0.167259135,0.345891966,0.235991028,0.027500895,0.094617109
1,0.457754471,0.174943526,0.147545451,0.136661289,0.610871454,0.563424672,0.545581842,0.210355632,0.212375844,0.213310463,0.210830386,0.368699488,0.116113881,0.14486346,0.339990921,0.346624809,0.063572901,0.04928415
1,0.421985083,0.140237494,0.111328688,0.096920376,0.69048975,0.672670654,0.670376086,0.159798804,0.160964863,0.164630994,0.164520991,0.490562678,0.082410621,0.202303664,0.409895597,0.278540646,0.043482909,0.061533414
1,0.207176444,0.117382008,0.089091758,0.072992787,0.737514087,0.731737175,0.737401638,0.065628319,0.063399696,0.061927248,0.060130254,0.49569685,0.089568782,0.196337422,0.396731729,0.208427008,0.024228086,0.07112762
1,0.228476313,0.190961694,0.144563398,0.124988137,0.586203127,0.578395603,0.578240872,0.082897958,0.076848492,0.074415195,0.069081841,0.533787031,0.119462448,0.196252187,0.362233318,0.34528237,0.048806842,0.051974059
1,0.544207201,0.257849023,0.212368124,0.191373256,0.498957614,0.453061327,0.44120306,0.286152131,0.283308375,0.285374899,0.280198719,0.328315442,0.141871923,0.111070681,0.278710849,0.147223838,0.033341572,0.183575898
1,0.172478272,0.056425991,0.038097092,0.030037012,0.873821992,0.883762674,0.890997887,0.025069192,0.022184875,0.020146604,0.017299331,0.569662892,0.090777562,0.232963925,0.416250567,0.382490436,0.039777152,0.040826085
1,0.141905178,0.086517438,0.07292794,0.065969916,0.806532457,0.777490923,0.759000975,0.073148257,0.074346809,0.076777196,0.076839967,0.238420051,0.126197287,0.106314908,0.287789378,0.193669982,0.040594173,0.113576785
1,0.166585658,0.039187736,0.028858956,0.023263263,0.91236963,0.911948978,0.915015449,0.023909606,0.021924589,0.020372246,0.01870187,0.297686181,0.127611767,0.106204668,0.289151158,0.157781321,0.047845338,0.120884879
1,0.113215406,0.017600657,0.011149609,0.008173579,0.96064197,0.965981637,0.970140563,0.004264187,0.003561851,0.003900266,0.004223397,0.324210279,0.125974232,0.126183403,0.31320926,0.227308898,0.058569614,0.064023228
1,0.082427634,0.045131129,0.027905166,0.020060264,0.899079204,0.914859069,0.926716535,0.016135649,0.014023485,0.013895959,0.014078416,0.410634399,0.106352025,0.147690172,0.343168407,0.217362926,0.045500129,0.087268328
1,0.0813445,0.004107223,0.002814653,0.002087881,0.990815559,0.991412264,0.992372626,0.001818489,0.001077435,0.000808096,0.000761982,0.401482538,0.100685236,0.154353744,0.355424421,0.3204307,0.037976484,0.066275185
1,0.290542086,0.101255119,0.079324172,0.067405334,0.773576523,0.757975501,0.753757155,0.112538988,0.115837894,0.120104198,0.121847873,0.237944178,0.162530288,0.085295651,0.243758511,0.080215605,0.078684165,0.155139221
1,0.10751979,0.089525374,0.073142056,0.065851286,0.799806205,0.776837638,0.759434348,0.083168485,0.083172185,0.083962344,0.081727128,0.390038846,0.096247236,0.147443748,0.352246936,0.398033272,0.039006595,0.06285418
1,0.16273407,0.049890675,0.040849457,0.037581854,0.888436058,0.875364985,0.862707263,0.061746013,0.061308598,0.061097896,0.058245166,0.275873945,0.179266386,0.077877229,0.225147526,0.176082384,0.070272105,0.122644962
1,0.109767343,0.040891026,0.031552926,0.027201765,0.908560789,0.903729458,0.900627448,0.040847476,0.040707358,0.041210125,0.040360946,0.286781756,0.210707066,0.076209468,0.211529732,0.363370916,0.109311484,0.080167732
1,0.222733266,0.068373177,0.057383112,0.050607384,0.847106075,0.824919458,0.815122848,0.073450679,0.07376058,0.07418767,0.073059103,0.239569837,0.131325252,0.096935379,0.274625511,0.11372574,0.039889359,0.189640714
1,0.19201234,0.030079366,0.025662787,0.023880137,0.932737478,0.921700751,0.912761907,0.038305232,0.037720285,0.037146807,0.035160623,0.29868409,0.186609791,0.085984286,0.234226055,0.117579274,0.029480061,0.318011143
1,0.292985113,0.067310132,0.055681862,0.048128025,0.849483224,0.830110109,0.824180355,0.068610672,0.065919211,0.064885081,0.06308056,0.301554698,0.183612982,0.10912391,0.253290967,0.192511441,0.029357193,0.337282064
1,0.140571581,0.088208647,0.065932184,0.05472383,0.802750629,0.798835546,0.800084786,0.040198056,0.038185158,0.036027006,0.033907322,0.316789554,0.181103433,0.089750691,0.240127099,0.356402092,0.08978443,0.060528254
1,0.197063102,0.077795629,0.060832328,0.052552909,0.826035887,0.814395621,0.808015522,0.076593556,0.078733532,0.081398337,0.082080841,0.485709346,0.09675456,0.179981862,0.373127553,0.353295612,0.046185312,0.052199863
1,0.345812205,0.277938174,0.216335111,0.169711493,0.620615664,0.63035171,0.651654663,0.14944946,0.141055396,0.141229687,0.144520666,0.418313372,0.321757546,0.08106439,0.158420336,0.100070325,0.063268527,0.296257803
1,0.110370258,0.094719803,0.069299646,0.055186486,0.788190589,0.788561145,0.79839463,0.039650729,0.037408686,0.036114721,0.033746756,0.448749807,0.174680307,0.130447008,0.274171584,0.440117517,0.091922693,0.054163124
1,0.426080224,0.342904773,0.2711099,0.225040334,0.662467734,0.670590433,0.68305491,0.165303723,0.146327023,0.134426656,0.124440522,0.431948607,0.484938423,0.06823848,0.106218793,0.335203531,0.126041679,0.292522815
1,0.334732351,0.205240333,0.169404757,0.140979406,0.686392345,0.658401779,0.652318176,0.163359995,0.158815994,0.154318709,0.145256542,0.40946483,0.42466577,0.063065531,0.108034498,0.117180595,0.037305563,0.834440288
1,0.191452497,0.118288013,0.092537081,0.078580241,0.736460577,0.720227471,0.717613802,0.061356251,0.06080023,0.060447453,0.058419593,0.445718358,0.173284763,0.121731103,0.258738084,0.160348079,0.035261441,0.168642272
1,0.136537372,0.032036337,0.019402811,0.012290026,0.928361362,0.940800446,0.955102501,0.007638562,0.006165862,0.005992169,0.005379385,0.491661755,0.106396666,0.180465217,0.364956877,0.469088122,0.056590011,0.040379992
1,0.189858482,0.096555973,0.080974812,0.075068805,0.784084604,0.752939262,0.725761225,0.08330051,0.083744332,0.084859566,0.082332703,0.492019305,0.098998497,0.19988034,0.395823877,0.410347515,0.027442677,0.08538596
1,0.366487139,0.305021684,0.234982676,0.190863149,0.634724305,0.640365646,0.655393088,0.147075864,0.133842032,0.125127077,0.114183792,0.550311693,0.307133103,0.141423684,0.217430776,0.351879535,0.044448351,0.335439524
1,0.369879346,0.325231635,0.255619574,0.198111417,0.54653155,0.536602103,0.563016087,0.160636466,0.147724002,0.141923662,0.137370007,0.459915307,0.235062392,0.115421991,0.227417158,0.277068158,0.058943448,0.159588817
1,0.163537553,0.075017214,0.055304239,0.043252349,0.832248891,0.834825643,0.847608529,0.026970045,0.022657721,0.021645313,0.020487891,0.526433625,0.099945596,0.199138931,0.382206083,0.31473115,0.019794184,0.097070381
1,0.14282963,0.054771022,0.042149726,0.036870077,0.877522782,0.871397759,0.865307504,0.054331861,0.055170419,0.056023965,0.05556693,0.593546022,0.087149038,0.251461953,0.433045847,0.329240185,0.018279608,0.106999788
1,0.10212088,0.20475713,0.153077432,0.12279349,0.551205005,0.539904015,0.559943841,0.070339621,0.065210472,0.0629937,0.061324725,0.505485145,0.097183857,0.188855636,0.376758965,0.177686109,0.021001783,0.082436087
1,0.087230683,0.007477561,0.00458987,0.003428395,0.983278915,0.985995932,0.987475505,0.001319921,0.001243862,0.00114251,0.00126002,0.462718958,0.212516002,0.126400885,0.251929187,0.078679811,0.029193851,0.24954675
1,0.230960963,0.268733163,0.193070425,0.145712727,0.501500973,0.515119547,0.546006548,0.101458334,0.094809431,0.093502417,0.092561595,0.540325877,0.10477729,0.204659496,0.380844303,0.178801758,0.012276239,0.141955715
1,0.110202607,0.13957309,0.107404524,0.090217804,0.687891094,0.672300063,0.670419424,0.077016966,0.075091293,0.074992638,0.073399354,0.545603585,0.080762955,0.229591872,0.430322288,0.609053124,0.050873566,0.023838661
1,0.151816956,0.118288013,0.086557403,0.065697067,0.735488107,0.735906325,0.759997734,0.050181934,0.047377324,0.045069006,0.043292613,0.585346804,0.054614457,0.292775387,0.514298684,0.293685872,0.015736661,0.049167407
1,0.218805365,0.091893067,0.072410169,0.059753725,0.803523202,0.787679803,0.789406462,0.068039779,0.068253679,0.069023333,0.067400814,0.383321711,0.226709652,0.086381917,0.199727644,0.144307179,0.039295079,0.283652871
1,0.285277893,0.182457327,0.155981625,0.131809339,0.674200874,0.641621771,0.633201304,0.11470555,0.111925921,0.109366466,0.106009554,0.431613074,0.159771858,0.122730433,0.271901952,0.136079503,0.022400747,0.234437786
1,0.10750784,0.031541054,0.026032624,0.021507545,0.929468898,0.920572348,0.921429377,0.015788323,0.01400747,0.012294115,0.010346666,0.561793543,0.140533157,0.206840897,0.35814798,0.221366649,0.023272163,0.143365089
1,0.208349905,0.139947573,0.101035543,0.079766537,0.687053689,0.69173234,0.714944221,0.046745768,0.042969782,0.041034114,0.041751467,0.558189132,0.075790625,0.250075297,0.457557876,0.389338736,0.020901895,0.064337008
1,0.204334355,0.122334835,0.088305368,0.068200152,0.748546221,0.744227996,0.762294614,0.036818762,0.031820361,0.029833364,0.029713317,0.541771847,0.100043911,0.215555043,0.399909215,0.079195219,0.013756281,0.123180852
1,0.344538108,0.319034561,0.246552731,0.192452785,0.588638116,0.57919855,0.611187968,0.125567624,0.112030001,0.103860818,0.10618654,0.595433989,0.219640695,0.180698953,0.273717658,0.235694627,0.028344528,0.274475686
1,0.224757117,0.090298498,0.071327909,0.060370599,0.798077369,0.782372748,0.779456206,0.061828194,0.060052864,0.058771356,0.056857001,0.338248251,0.241386829,0.073266466,0.189741262,0.257727223,0.084957871,0.124103282
1,0.283457055,0.120740266,0.095523027,0.083313562,0.730004456,0.711288148,0.698970072,0.12492265,0.126783495,0.128511502,0.125638778,0.367814425,0.158909975,0.106891508,0.265093055,0.281943785,0.069558857,0.098083897
1,0.095677801,0.109529965,0.083664889,0.070181266,0.755072576,0.74473162,0.743616214,0.071916331,0.07314356,0.07370772,0.072334169,0.578325054,0.066199753,0.266068999,0.475261008,0.394576619,0.016896538,0.060397806
1,0.214775,0.094297001,0.076602951,0.069505077,0.789136046,0.766278167,0.746086443,0.07757198,0.077912251,0.07810433,0.07507152,0.377301784,0.122197106,0.129430942,0.314117113,0.334114661,0.037888635,0.119607801
1,0.346534824,0.101714161,0.08687663,0.08030037,0.772550027,0.73584456,0.719130609,0.140314238,0.14259319,0.146446301,0.14612163,0.379816804,0.139488467,0.126513787,0.29913754,0.39194839,0.086010709,0.04835046
1,0.147390991,0.052681171,0.044937128,0.040856031,0.882196041,0.862893169,0.850746153,0.042109649,0.04303315,0.044377719,0.044568301,0.603457918,0.052525914,0.3067967,0.526554698,0.267342067,0.014618145,0.065345965
1,0.233837255,0.093523876,0.074621404,0.065376768,0.790864882,0.772324028,0.761167843,0.075635392,0.074860508,0.074747622,0.072226601,0.360947737,0.143335457,0.121779169,0.288243305,0.157437823,0.060178804,0.095036885
1,0.404512761,0.086034235,0.070596021,0.064842934,0.809687583,0.791732549,0.772478892,0.149762155,0.154206789,0.158541234,0.159266421,0.52237728,0.108481558,0.200490428,0.380844303,0.225986186,0.020994897,0.297131012
1,0.136883084,0.038148851,0.032144665,0.026442536,0.914692753,0.901924014,0.903401038,0.022018495,0.019879441,0.017127191,0.016259382,0.490576503,0.125630593,0.172876695,0.346345892,0.214150688,0.022278235,0.135562945
1,0.34552762,0.128423189,0.113345272,0.107336054,0.712824149,0.655998806,0.610379853,0.13988874,0.142144176,0.143810801,0.139665453,0.480479826,0.077462799,0.210703321,0.429414435,0.277216724,0.02568912,0.095549316
1,0.345275066,0.131479446,0.107957333,0.097299991,0.706962315,0.671440102,0.646939245,0.146650133,0.150495468,0.154599018,0.153231581,0.401083786,0.130661853,0.135793057,0.31320926,0.402957553,0.079066032,0.05979762
1,0.313585171,0.065993404,0.055985518,0.051449654,0.852427648,0.829183631,0.812045896,0.103650011,0.106040994,0.108854411,0.108727403,0.412945157,0.169720806,0.120229892,0.273717658,0.246237803,0.034558554,0.292917468
1,0.122365515,0.047655863,0.039685444,0.032765493,0.893433474,0.878916483,0.880302229,0.037959437,0.037140899,0.034603273,0.031334479,0.497687893,0.114427537,0.170463252,0.343168407,0.497905357,0.061055579,0.047592511
1,0.250585201,0.064869958,0.049807296,0.043525197,0.854939863,0.848033891,0.840995249,0.080982478,0.081160879,0.082094875,0.079912726,0.331463118,0.157621213,0.094620471,0.25283704,0.351156122,0.083128029,0.089136857
1,0.176502199,0.041205107,0.032179702,0.024461422,0.907858449,0.901817113,0.910638376,0.024915207,0.020929949,0.018322678,0.017995588,0.398266277,0.113242941,0.145379845,0.338629142,0.418033505,0.073972313,0.051297242
1,0.113802985,0.012937751,0.010211391,0.007604157,0.971069012,0.968844216,0.972220756,0.008205513,0.006978663,0.005600005,0.005410538,0.448859469,0.157322452,0.136074454,0.29005901,0.572276266,0.09594671,0.051874311
1,0.188289572,0.053116053,0.041994005,0.037961469,0.881223571,0.871872876,0.861320468,0.072156832,0.07458434,0.077584583,0.077786228,0.383031942,0.169198075,0.104590123,0.253744893,0.428858538,0.087162083,0.084019282
1,0.323632849,0.153743009,0.116739985,0.10006406,0.656204773,0.643816811,0.636113574,0.123605262,0.118876353,0.118894267,0.11767424,0.183795759,0.374337948,0.03718501,0.114389469,0.148230444,0.252672066,0.139289319
1,0.17667508,0.052210048,0.041958968,0.038412262,0.88324955,0.871979777,0.859673648,0.063897319,0.064621609,0.065571474,0.063836916,0.36722717,0.229840498,0.079446966,0.192918747,0.140836308,0.036663259,0.363268432
1,0.29104468,0.0471485,0.038478608,0.038008921,0.894568023,0.882598638,0.861147118,0.087276778,0.091088927,0.095628541,0.096352877,0.302644249,0.129041132,0.100694629,0.277802996,0.360105308,0.061591553,0.117589091
1,0.085478737,0.034971793,0.022365399,0.014532125,0.921797188,0.931761349,0.946911741,0.006897021,0.006402291,0.006503776,0.00646177,0.537289732,0.106187553,0.20569273,0.386291421,0.295355601,0.016231236,0.165658272
1,0.079122442,0.018494582,0.013999299,0.010735978,0.958643004,0.957286999,0.960779695,0.008867341,0.008073165,0.006894135,0.006540584,0.41895971,0.132537894,0.139236218,0.311847481,0.306721866,0.03751069,0.105740075
1,0.215192183,0.071513995,0.055335384,0.049456676,0.840082679,0.831167244,0.819326572,0.07959854,0.080383948,0.08285239,0.082383619,0.37463185,0.195170611,0.095442425,0.231956423,0.364946184,0.100640832,0.08791378
1,0.106935466,0.061427139,0.047533772,0.040381513,0.862638585,0.854970596,0.852479647,0.072733542,0.07459541,0.077608666,0.079015564,0.485371778,0.109534204,0.17364042,0.356786201,0.255258218,0.035857428,0.081847375
1,0.340656044,0.167115642,0.139272784,0.131287368,0.628375918,0.582279682,0.55730893,0.151350314,0.149211149,0.149957429,0.14443348,0.342156438,0.149511654,0.111100819,0.278710849,0.364364895,0.089781743,0.050113227
1,0.387900685,0.177359539,0.141285475,0.128321629,0.618694437,0.602650315,0.592377517,0.188478883,0.18905616,0.190291749,0.18679294,0.431407581,0.235174701,0.128202875,0.249205629,0.391102665,0.172610759,0.057964234
1,0.384751845,0.155337577,0.124284658,0.110764449,0.666901945,0.655433417,0.655060665,0.187324769,0.188489976,0.190374237,0.189571669,0.389436088,0.310451878,0.09190508,0.189287335,0.347912447,0.23363375,0.072606063
1,0.365745707,0.143378311,0.108292132,0.09489181,0.695654647,0.705881319,0.712109958,0.159523543,0.157706132,0.156532695,0.152666457,0.450797409,0.320695292,0.103578495,0.191103041,0.455777452,0.248868615,0.070249943
1,0.341169982,0.169724937,0.125456457,0.106541236,0.636739161,0.654423793,0.666952435,0.146194852,0.139017979,0.13528316,0.128549945,0.398940469,0.256378943,0.097946853,0.212437585,0.440891473,0.197052225,0.05556803
1,0.385503572,0.203295442,0.149854012,0.126577774,0.560502901,0.574169439,0.588971201,0.186644783,0.184856522,0.18740225,0.184491237,0.389926706,0.163379843,0.11380988,0.267362687,0.47284186,0.11406692,0.041884287
1,0.443930759,0.194936036,0.157974851,0.13959144,0.565127537,0.5262159,0.524268531,0.245316789,0.247539676,0.253079831,0.248395923,0.441028217,0.121729853,0.163164715,0.344984113,0.286781675,0.073233469,0.05465574
1,0.520010956,0.220171295,0.172137657,0.156187719,0.529119126,0.520205672,0.516996523,0.333412611,0.345253149,0.362862173,0.365130675,0.531207586,0.140995575,0.197215748,0.355878348,0.32415413,0.092777812,0.067505214
1,0.537558396,0.204551769,0.166329272,0.156970675,0.571113631,0.552095512,0.539930651,0.36188236,0.379213455,0.401115183,0.406749062,0.490685261,0.170830291,0.168601432,0.318656378,0.298665758,0.116378562,0.07790762
1,0.520320434,0.218480086,0.169607194,0.158880611,0.544051946,0.548137789,0.540025993,0.336318157,0.351320873,0.370010674,0.372459417,0.496355036,0.154930416,0.175252566,0.330458466,0.392554319,0.105263089,0.071290812
1,0.424788173,0.243679105,0.181118854,0.160102496,0.485433604,0.508026053,0.518608673,0.217977821,0.217939922,0.221053422,0.21573507,0.539042586,0.108757591,0.220646828,0.403540626,0.612699609,0.076281418,0.034175637
1,0.415720797,0.239571882,0.184163195,0.16408845,0.508880941,0.514558909,0.512576113,0.206197043,0.206214154,0.211765464,0.209398741,0.499244909,0.133186409,0.17659931,0.343168407,0.462318359,0.092954097,0.037364663
1,0.49311729,0.168794772,0.140833885,0.136720604,0.624621102,0.575777709,0.540476702,0.239362157,0.243929824,0.250254952,0.246824209,0.519558963,0.089591518,0.23169317,0.434861552,0.422296542,0.057905124,0.060445644
1,0.407498917,0.16300842,0.141705921,0.133648097,0.635485755,0.573943758,0.538179822,0.212685218,0.213982415,0.217287394,0.212581457,0.510881903,0.077812978,0.225092625,0.434861552,0.321120144,0.044196464,0.069899767
1,0.225199526,0.070052307,0.057632265,0.051164943,0.843351259,0.824159271,0.813085993,0.07484635,0.075933977,0.076904774,0.076781821,0.355810099,0.12270349,0.128956934,0.31320926,0.277477481,0.04667049,0.106404833
1,0.195835148,0.082700137,0.06701055,0.061438265,0.815068585,0.795545362,0.777219999,0.076351004,0.075207002,0.074898813,0.071308412,0.339044947,0.102176398,0.134546301,0.334543804,0.25678056,0.039175574,0.060453684
1,0.207242488,0.093692997,0.081278468,0.073929961,0.790486699,0.752012785,0.72992161,0.074466932,0.073727866,0.073357105,0.071124331,0.33005909,0.118151357,0.126443515,0.314117113,0.242038378,0.034600223,0.090901895
1,0.329435379,0.111438615,0.088573987,0.076527949,0.750804513,0.730665787,0.723759039,0.147915449,0.144481903,0.143236534,0.141749126,0.135547913,0.338863951,0.022667448,0.098048116,0.126672262,0.195722311,0.108930416
1,0.232011612,0.119097377,0.090929264,0.07925643,0.733678232,0.722567421,0.71295937,0.115528195,0.11747132,0.119414053,0.119469125,0.453149465,0.130146489,0.15949969,0.334089877,0.263108116,0.022721713,0.250132194
1,0.221867549,0.137567799,0.106108148,0.092080289,0.692375262,0.67625541,0.663615459,0.074956719,0.072252567,0.071881341,0.069180804,0.451074382,0.090873143,0.178105097,0.384929641,0.37538491,0.042476268,0.050499082
1,0.193268356,0.088305287,0.071732783,0.061212869,0.802534524,0.781137445,0.776379254,0.069809043,0.067447875,0.066178804,0.06358516,0.226022602,0.2445329,0.063303019,0.182932365,0.122611794,0.058331652,0.217618647
1,0.18151835,0.129909037,0.108903336,0.09320727,0.709501542,0.667727064,0.661994642,0.085751858,0.083836604,0.082540676,0.08028848,0.416661561,0.115681418,0.167378416,0.355424421,0.203345665,0.026110897,0.142343913
1,0.111995566,0.099020307,0.075909993,0.06233985,0.778573939,0.768392436,0.772262205,0.082006437,0.081750499,0.083660184,0.084349366,0.348219437,0.112653642,0.133995156,0.32728098,0.11985953,0.02905502,0.136697966
1,0.13054793,0.094780203,0.078230233,0.068805163,0.788055524,0.761313196,0.748643347,0.057835047,0.056123591,0.05565789,0.054001416,0.390487363,0.102565896,0.145267907,0.34271448,0.276935675,0.032074692,0.079510933
1,0.651637534,0.171053744,0.153131934,0.153862579,0.648873428,0.590109607,0.576767402,0.329903894,0.326264024,0.320128337,0.309755554,0.471727192,0.175332804,0.164417013,0.317294598,0.458349195,0.158694218,0.049691606
1,0.250349556,0.140334135,0.10653638,0.092590396,0.693320719,0.684555701,0.669656686,0.088796396,0.087423744,0.089142464,0.088968332,0.46525202,0.146715976,0.150861382,0.310031775,0.434129887,0.068130383,0.055786279
1,0.382739079,0.136238992,0.113247946,0.103990699,0.695346698,0.659032426,0.642882869,0.159929488,0.158893381,0.160217139,0.155106576,0.394594202,0.110087123,0.146340002,0.340444848,0.274733104,0.058750477,0.04863312
1,0.526874483,0.195745401,0.1601783,0.146424504,0.576543256,0.529841041,0.511059306,0.293063858,0.295556756,0.301037077,0.296803602,0.327573377,0.137600951,0.106272479,0.280072628,0.396363644,0.079647332,0.069461575
1,0.333400066,0.178579626,0.145256355,0.131417861,0.601703221,0.566674471,0.545911206,0.145441022,0.143715154,0.143764496,0.139848299,0.44842074,0.089300027,0.187524552,0.399455288,0.309580177,0.047195692,0.040279696
1,0.493132554,0.180681557,0.143605715,0.126376103,0.61632269,0.587361057,0.560169195,0.263298513,0.262168595,0.267938542,0.266386565,0.451139762,0.116288278,0.162654398,0.348615524,0.496396124,0.048895942,0.080483842
1,0.562270514,0.214686945,0.1890684,0.182191326,0.625290073,0.602078391,0.57995358,0.306567935,0.290549022,0.280382837,0.260375047,0.411578645,0.235157779,0.095202361,0.208806173,0.616272998,0.198257947,0.042342805
1,0.362385971,0.183339172,0.154584031,0.138891525,0.59417198,0.538300496,0.521000895,0.160855356,0.165454192,0.170426534,0.170185632,0.475819481,0.074573903,0.21858921,0.436677258,0.332389607,0.040822549,0.038699619
1,0.765643289,0.175970331,0.152037996,0.149686818,0.625820482,0.594530569,0.569452056,0.545367919,0.568958722,0.594485686,0.602557143,0.387432879,0.191654052,0.106203162,0.24648207,0.276096453,0.093415324,0.123402797
1,0.222045234,0.188002078,0.147432553,0.125142356,0.586792012,0.562514823,0.553131209,0.086488275,0.081763824,0.079025903,0.074301488,0.552482239,0.05927054,0.267489821,0.492056287,0.399525601,0.02081325,0.041906548
1,0.360965186,0.160580326,0.117682096,0.097810098,0.652066372,0.656678223,0.663381437,0.146196253,0.143249973,0.144002803,0.143056473,0.369480063,0.094861486,0.158506597,0.364502951,0.146859289,0.023121058,0.115621029
1,0.330394263,0.131141204,0.111889283,0.104429629,0.713877658,0.677174761,0.659273056,0.121738077,0.118282239,0.115688759,0.109585048,0.281109285,0.255252991,0.05905104,0.168406718,0.396069997,0.153738061,0.068831116
1,0.629767607,0.185658545,0.176813174,0.179510297,0.627300798,0.562840278,0.537573099,0.329710348,0.318751925,0.305420331,0.290851693,0.416255621,0.166529248,0.152996095,0.311847481,0.413820451,0.141210085,0.068865792
1,0.414977402,0.163515783,0.144065091,0.138250925,0.637463111,0.587954953,0.561928692,0.204297644,0.204755988,0.203874521,0.195223606,0.302016051,0.154962049,0.093714744,0.254652746,0.281031609,0.060146154,0.088515249
1,0.224982334,0.116186081,0.102016584,0.089351808,0.746347357,0.710860543,0.705201984,0.065752734,0.06065413,0.054525767,0.050021787,0.431547607,0.109758409,0.158886904,0.349069451,0.263145431,0.032110735,0.083896996
1,0.548616537,0.150710912,0.125818507,0.116494258,0.671153801,0.630456526,0.605838099,0.351066139,0.362547601,0.376563276,0.378148885,0.225339703,0.164581614,0.080642531,0.236495688,0.330204784,0.092468773,0.108880146
1,0.424751191,0.161691693,0.131229805,0.11473854,0.642579385,0.613946217,0.607259564,0.180193519,0.178560537,0.17712963,0.171548267,0.402638643,0.118750698,0.142003808,0.330004539,0.150901318,0.022708238,0.207074776
1,0.293348726,0.151592757,0.125686145,0.10988659,0.661013098,0.622564836,0.610007152,0.121232199,0.121870424,0.122160223,0.118928759,0.298389813,0.126450705,0.109856694,0.292328643,0.190381556,0.035010239,0.104648934
1,0.334406016,0.171983909,0.149328454,0.138761033,0.619564257,0.562289143,0.533438715,0.152271593,0.147698504,0.142952149,0.134934065,0.358699674,0.109607262,0.130911095,0.325011348,0.217541522,0.024734903,0.135939796
1,0.427754084,0.160399125,0.133573403,0.119353231,0.642357878,0.602234588,0.580208388,0.219755387,0.225726388,0.231116134,0.23082377,0.451564915,0.086395695,0.191984045,0.400817068,0.249749151,0.045560724,0.08171246
1,0.308345788,0.057827279,0.047615525,0.043311664,0.870688477,0.85472116,0.841775321,0.096501174,0.099336946,0.104050271,0.10625972,0.480423594,0.082766613,0.198394602,0.40944167,0.35925537,0.034707164,0.099881509
1,0.282483498,0.141687102,0.116662125,0.106280251,0.683163808,0.652007824,0.630878422,0.131420968,0.131160923,0.131023018,0.125894594,0.478809762,0.082755983,0.205910091,0.419428053,0.20128426,0.01535423,0.149650391
1,0.270464923,0.165629794,0.139405147,0.123861156,0.630661223,0.580051385,0.564260241,0.113741871,0.107548015,0.101393436,0.093310921,0.411217225,0.154219525,0.12734156,0.285519746,0.379281053,0.104766634,0.04813707
1,0.238445246,0.072637441,0.059302371,0.051663187,0.837570464,0.819063644,0.811265824,0.086724783,0.087099809,0.089507008,0.09039148,0.157780161,0.249684388,0.045848508,0.160236042,0.154464456,0.140134707,0.089674419
1,0.279178561,0.156847586,0.119546852,0.098723546,0.653217128,0.641381837,0.646523207,0.079577436,0.074585704,0.071165178,0.066840916,0.515945066,0.132756999,0.190956463,0.358601906,0.421000426,0.070316521,0.045386216
1,0.327263493,0.341418925,0.227710515,0.183603018,0.459160114,0.459357323,0.475762306,0.12306598,0.116028389,0.116805671,0.111607586,0.493206553,0.117752846,0.174166375,0.349523377,0.233534321,0.026536472,0.094131727
1,0.384579403,0.554221379,0.37023397,0.293620101,0.2467207,0.292766259,0.337632393,0.164180631,0.153581921,0.158253543,0.160130298,0.561447913,0.080778504,0.241638838,0.440762596,0.416433718,0.023795719,0.05111967
1,0.349522778,0.23553714,0.182559271,0.1589162,0.529637777,0.50346018,0.500060285,0.132911985,0.129277251,0.129085865,0.124988261,0.521491721,0.071826637,0.22906901,0.443486155,0.221243403,0.013769097,0.088441213
1,0.249164432,0.179485631,0.130260443,0.106019265,0.641817617,0.635518896,0.643896963,0.090569351,0.087240873,0.086455239,0.083996803,0.425775383,0.162404718,0.1202268,0.269178393,0.038024399,0.018733381,0.275292375
1,0.183014752,0.10684819,0.08104878,0.069825377,0.761069476,0.752713582,0.745748412,0.072340369,0.071758069,0.070920959,0.068890763,0.510791764,0.090957649,0.202975782,0.398547435,0.329512125,0.035817758,0.047998615
1,0.70781065,0.209842838,0.184653716,0.177766442,0.550075859,0.496499719,0.458655777,0.510508373,0.514342493,0.524141813,0.518514401,0.256745346,0.200230485,0.068731415,0.206536541,0.14214547,0.066124717,0.204483292
1,0.422250821,0.171029584,0.12495815,0.111333871,0.63570186,0.629347128,0.608360333,0.20807937,0.213412986,0.222194377,0.221690601,0.423667953,0.136229526,0.133641707,0.301407172,0.18213498,0.029700343,0.161003024
1,0.28652362,0.068047016,0.05463464,0.048744899,0.847835428,0.83330527,0.82275889,0.083488065,0.086175469,0.089549531,0.090132311,0.460090878,0.087808149,0.184036084,0.392192465,0.207340812,0.028434674,0.083955447
1,0.300094607,0.293847622,0.223167361,0.179961089,0.586295607,0.59175435,0.607766356,0.109654186,0.101930584,0.100459741,0.101108268,0.437160731,0.177333439,0.122720805,0.265546981,0.108824095,0.02016659,0.286206634
1,0.300452249,0.105314021,0.077011718,0.065875012,0.765537436,0.767682137,0.763196031,0.111326555,0.110316765,0.110987884,0.108490852,0.404198564,0.189527474,0.102903586,0.236949614,0.232959523,0.049075285,0.169847663
1,0.335524713,0.227914618,0.147148363,0.115106292,0.712198619,0.725958669,0.738115194,0.132172204,0.122651677,0.120935467,0.119078799,0.292114812,0.279991499,0.055922748,0.15660463,0.021048268,0.035865896,0.430091665
1,0.097664701,0.058141361,0.046288006,0.038827465,0.869986138,0.85877153,0.858156841,0.038656085,0.035896698,0.033117128,0.029958748,0.428978961,0.135037001,0.143381093,0.316386745,0.61247654,0.092291247,0.036059426
1,0.231720311,0.104891219,0.080091097,0.06983724,0.770437605,0.760852333,0.749657441,0.090978951,0.091538819,0.09415861,0.094556433,0.277293498,0.235250787,0.059663268,0.177485247,0.047485296,0.034870972,0.328754928
1,0.188722325,0.103646972,0.079585004,0.069588118,0.78041623,0.766701021,0.752647719,0.084925797,0.086081531,0.088332331,0.087237341,0.420752378,0.174692298,0.117290091,0.263731276,0.1879656,0.044754609,0.129455817
1,0.141857981,0.075041374,0.05012263,0.036620955,0.840233952,0.853200786,0.869337878,0.024733813,0.022991809,0.022129748,0.021293331,0.341696485,0.222906471,0.081875379,0.208352247,0.048969811,0.037977856,0.243913874
1,0.109884914,0.077541948,0.058718418,0.04734507,0.826603162,0.820845332,0.827040621,0.022055868,0.021036251,0.019813925,0.019730123,0.340143932,0.412772133,0.056341861,0.123014072,0.138945086,0.149239337,0.185398694
1,0.229776501,0.182578128,0.141853856,0.113113315,0.631336549,0.622296395,0.645751802,0.057465135,0.051607853,0.047315578,0.044552434,0.657190631,0.082781369,0.306614228,0.472083522,0.48816292,0.035087203,0.041604482
1,0.238075275,0.057319916,0.05078055,0.047333207,0.871823026,0.845064411,0.827083958,0.086704053,0.089049322,0.091835778,0.092098032,0.243080941,0.163137,0.07581173,0.230594644,0.17248768,0.067739766,0.117124436
1,0.09350564,0.092291709,0.070455873,0.057392996,0.793620214,0.785033402,0.790333882,0.037322016,0.03611019,0.035681485,0.035311192,0.41699339,0.091582917,0.173050339,0.382660009,0.495545499,0.051943437,0.033343513
1,0.404004538,0.102873848,0.081181142,0.071248932,0.769956773,0.753221957,0.739715852,0.162223816,0.166714169,0.17448975,0.177350825,0.292885978,0.140964482,0.097013343,0.26827054,0.245682705,0.061729476,0.123826595
1,0.150022666,0.060291613,0.047510414,0.039171491,0.865177813,0.855041863,0.856900057,0.054447935,0.053197302,0.053014895,0.052186943,0.38633761,0.10231688,0.144952775,0.345438039,0.249830726,0.034145546,0.091485128
1,0.133795461,0.131721047,0.090812473,0.073657113,0.705449583,0.722923758,0.73091837,0.072019868,0.071893087,0.07408293,0.073204318,0.442605818,0.142644344,0.143928246,0.310485701,0.40873719,0.058133153,0.060054927
1,0.106711247,0.049721554,0.038280064,0.030653886,0.888814241,0.883204412,0.888016278,0.016318586,0.015912251,0.015473368,0.016103103,0.479227616,0.08707984,0.188895786,0.394916024,0.215487771,0.023265113,0.075455742
1,0.44666927,0.287167345,0.198629657,0.158572174,0.483878825,0.473573098,0.485299583,0.206331108,0.204844953,0.213479464,0.216202158,0.426212262,0.092228286,0.166449969,0.374035406,0.481398327,0.060831451,0.025181846
1,0.432587967,0.154371172,0.12760151,0.11654171,0.693374745,0.672395086,0.660165806,0.1910367,0.195888916,0.203077881,0.200939103,0.426642984,0.191351955,0.121360587,0.259645937,0.337350472,0.053956309,0.156867056
1,0.396407768,0.14671241,0.125631642,0.115924836,0.740712433,0.710874796,0.692582146,0.170896589,0.168422148,0.167014524,0.158826995,0.38670821,0.194950537,0.092013764,0.216522923,0.367674495,0.124669057,0.05914292
1,0.594375755,0.475326464,0.363152567,0.300441302,0.490879437,0.491460826,0.515715777,0.314267966,0.306845292,0.314188371,0.311433623,0.661988959,0.225869354,0.226069009,0.305946437,0.527791485,0.034977315,0.259310364
1,0.453871514,0.755910173,0.533300892,0.412451362,0.160122645,0.199981032,0.253818617,0.189864828,0.163502356,0.158335398,0.159871253,0.702961464,0.077562267,0.351168793,0.507489787,0.494467,0.024113498,0.045303003
1,0.355832428,0.267887559,0.206917896,0.169770808,0.558464209,0.542735431,0.543632681,0.157313481,0.149585112,0.144041771,0.134959644,0.513164251,0.213254908,0.144882962,0.259645937,0.429438031,0.043760727,0.188271853
1,0.338671295,0.192314662,0.148616031,0.130717946,0.665772799,0.658878013,0.653933894,0.136787428,0.133231764,0.132292399,0.127235377,0.518666921,0.249318463,0.13340677,0.226509305,0.196696454,0.065939413,0.188555289
1,0.519727705,0.301735906,0.24863939,0.221611939,0.637819684,0.622035081,0.630999766,0.265900482,0.26965254,0.281180113,0.28071628,0.584233062,0.208305837,0.175822729,0.273263731,0.347287906,0.011861331,0.871256005
1,0.376777353,0.314299175,0.253567953,0.220793395,0.48651222,0.445949807,0.440446441,0.169047953,0.162376847,0.157085053,0.151173825,0.402244365,0.231100167,0.095359257,0.212891512,0.304569204,0.066749555,0.136223228
1,0.392804241,0.272586705,0.218896718,0.186046788,0.575120462,0.559210107,0.562077059,0.16017834,0.15596543,0.158556352,0.160627887,0.515493896,0.13926148,0.176016827,0.332728098,0.292373663,0.018213721,0.233550204
1,0.178309886,0.081033087,0.060637677,0.048341558,0.827807944,0.821118524,0.828080717,0.031761122,0.028354669,0.025967827,0.023734589,0.345280733,0.213632975,0.081257789,0.206990468,0.260978021,0.051430814,0.167202355
1,0.513135187,0.431475822,0.32669833,0.277913543,0.419143552,0.414230869,0.431561264,0.281644774,0.27732506,0.283620582,0.282980896,0.689532135,0.069336878,0.340329384,0.506581934,0.483248168,0.015896158,0.107953904
1,0.490514503,0.233556009,0.195386772,0.174741387,0.497243714,0.454230953,0.444952506,0.264288764,0.267516928,0.272474713,0.268948369,0.532797846,0.061192712,0.256712047,0.480254199,0.466796072,0.031279694,0.037823893
1,0.246474119,0.107355553,0.085467357,0.072494543,0.759934927,0.739232143,0.73516543,0.079238714,0.079360506,0.08016032,0.080283114,0.283880797,0.147078312,0.10384502,0.272355878,0.244362425,0.071029697,0.066211675
1,0.241680996,0.159722642,0.126558181,0.106849673,0.653141492,0.634328728,0.635142818,0.08136905,0.075202739,0.071138845,0.065947544,0.267078126,0.153024173,0.088859623,0.253290967,0.266770173,0.075035603,0.054842518
1,0.142156903,0.071828076,0.054669677,0.044723356,0.839380339,0.833198368,0.836618176,0.033518191,0.030433743,0.029737426,0.028468909,0.547831032,0.079033241,0.242729844,0.447571493,0.335759819,0.014163141,0.112023572
1,0.162917859,0.082011573,0.068486005,0.062304261,0.816608329,0.79104363,0.772392217,0.059994308,0.058807652,0.057956676,0.054950379,0.443415327,0.10182125,0.175561488,0.371311847,0.34434454,0.019974652,0.150151869
1,0.110240472,0.090902502,0.07921906,0.073704565,0.796726716,0.758296204,0.73074502,0.083674521,0.083706394,0.083971419,0.081471212,0.237212989,0.207836365,0.063628913,0.194280527,0.107416601,0.067417154,0.131227075
1,0.186107194,0.087846245,0.068960953,0.0571676,0.803561021,0.789594524,0.791157292,0.045893269,0.041821727,0.039076422,0.036933597,0.300029999,0.278012035,0.064825634,0.17067635,0.35206451,0.12079,0.10621247
1,0.357563937,0.12493205,0.109238136,0.102472241,0.749156716,0.72103992,0.701266952,0.135771967,0.124532106,0.115855509,0.106134538,0.199586048,0.420181271,0.025787493,0.086246028,0.317652845,0.302030304,0.091851001
1,0.319744521,0.123699883,0.097738155,0.083705039,0.728378269,0.707921945,0.698892065,0.135119735,0.135170582,0.136059543,0.132184889,0.255333493,0.230685735,0.057967939,0.177939174,0.218582187,0.128113349,0.076844849
1,0.205741039,0.06345659,0.051921205,0.044201386,0.858100391,0.84158418,0.838525019,0.0449079,0.042092219,0.039757751,0.036555475,0.346478432,0.150691495,0.11111224,0.277349069,0.223093874,0.067265678,0.067548973
1,0.232496906,0.120546985,0.102627788,0.09436984,0.738605414,0.705432333,0.689678544,0.070795213,0.067697876,0.064900134,0.059683092,0.297633923,0.191288978,0.091260715,0.240581026,0.22742749,0.112664772,0.058685317
1,0.350435098,0.188195359,0.159134971,0.13915251,0.610541895,0.578664044,0.579957031,0.134106569,0.131393111,0.130444398,0.127548738,0.440900529,0.118919801,0.153860976,0.337267363,0.426902338,0.067177057,0.038822182
1,0.400348592,0.197315809,0.16469031,0.148002278,0.571994257,0.530413557,0.521728962,0.181840094,0.178225206,0.175675835,0.167257374,0.442410954,0.093560652,0.171382673,0.374489333,0.538327046,0.05384859,0.034930158
1,0.544632787,0.266981554,0.252746525,0.247971434,0.502824613,0.439345543,0.408020413,0.295418533,0.295219294,0.295216047,0.284991452,0.469044711,0.12232945,0.157171598,0.330004539,0.317228085,0.048188916,0.081932198
1,0.185562529,0.070463029,0.058823529,0.052695264,0.842432815,0.820524628,0.807495474,0.083117723,0.084408049,0.086468585,0.086096329,0.339324031,0.170138903,0.100022932,0.25283704,0.26864997,0.075403558,0.087561412
1,0.414524154,0.096918375,0.091528789,0.091415963,0.796629469,0.756371981,0.732400507,0.18691111,0.185689644,0.184841023,0.177423711,0.329338104,0.304792014,0.065018605,0.161597821,0.331465103,0.204799987,0.192356283
1,0.162716846,0.077807709,0.068357535,0.063561735,0.826008874,0.791435601,0.767798458,0.071686915,0.072899292,0.07425088,0.073263269,0.371449789,0.096537288,0.147083958,0.350885157,0.30324029,0.035989001,0.082970906
1,0.179787485,0.042751356,0.039272784,0.037747936,0.904400777,0.880175542,0.86210054,0.08784286,0.090953211,0.094622226,0.095620128,0.123993862,0.211349508,0.065155392,0.195642306,0.079251441,0.06562577,0.257820016
1,0.127245135,0.013372634,0.009670261,0.007224542,0.970096542,0.970495247,0.973607551,0.006508504,0.004910001,0.00431816,0.004369571,0.26567133,1,0.020219106,0,0.244471768,1,0.155707287
1,0.238358329,0.064265955,0.056483825,0.053644301,0.856290516,0.827663258,0.804028486,0.088392533,0.089995982,0.092598395,0.092011988,0,0.308431821,0.024404487,0.100771675,0,0.120048624,0.195883042
1,0.233442657,0.125197811,0.096908942,0.081890007,0.720036636,0.704322936,0.701570314,0.095368411,0.091240295,0.09091818,0.090614183,0.550207061,0.105592916,0.227272557,0.408987744,0.336049003,0.026646768,0.121798854
1,0.053752699,0.000930165,0.000587846,0.000438929,0.997919994,0.998206434,0.998396518,0.000115611,0.000129555,0.000146437,0.000161448,0.379533667,0.129597704,0.128864345,0.307762143,0.273881404,0.055981232,0.063914176
1,0.332232498,0.069170462,0.060816756,0.05768957,0.845323213,0.815355357,0.79174668,0.087111413,0.088970874,0.091393554,0.09082215,0.337349964,0.213251437,0.092533082,0.226055379,0.367088424,0.150223875,0.086546294
1,0.591488808,0.11226006,0.10558259,0.108368131,0.766601751,0.73130957,0.706562777,0.356330784,0.353666642,0.352914484,0.336443155,0.123798402,0.689006034,0,0.003631412,0.102327328,0.460356761,0.242864577
1,0.856472887,0.377695365,0.333550045,0.308057322,0.382780794,0.348343348,0.347388396,0.693871653,0.696093318,0.701102686,0.687640973,0.467567521,0.137078936,0.154197451,0.318202451,0.313405405,0.089353244,0.060454166
1,0.523947071,0.23013735,0.205084284,0.189119294,0.600449815,0.565524688,0.556970899,0.265034447,0.259727456,0.254426904,0.243864833,0.418848781,0.19538759,0.106705129,0.236949614,0.528744678,0.141847454,0.044428102
1,0.295956816,0.111692297,0.085066376,0.073977413,0.75224701,0.747496799,0.746389805,0.108570479,0.10128213,0.098689649,0.094555722,0.298777369,0.301120438,0.051770623,0.136177939,0.34235835,0.18794495,0.080447107
1,0.321424259,0.19566084,0.171588741,0.164040998,0.576797179,0.513014779,0.481234539,0.141881882,0.14287895,0.144718397,0.140614777,0.480286829,0.066216727,0.22853624,0.456196096,0.346765336,0.03196466,0.034147451
1,0.492750474,0.260180476,0.217654845,0.195940495,0.470835746,0.442847154,0.433970821,0.283810165,0.285498333,0.28817202,0.284540343,0.578079363,0.053202631,0.287831656,0.515206537,0.464729805,0.026471252,0.039929077
1,0.486479295,0.516845653,0.36605676,0.279313372,0.355695104,0.38221924,0.401553852,0.222862572,0.203736612,0.199732251,0.193287409,0.596361578,0.110250045,0.238192605,0.398093509,0.41339621,0.049999549,0.045439406
1,0.330572431,0.209697878,0.178790828,0.155392901,0.571859191,0.542809354,0.550374953,0.128055256,0.120881537,0.116599805,0.111662976,0.514719942,0.095280465,0.205387034,0.399001362,0.535502047,0.063757862,0.027112592
1,0.596326195,0.163612423,0.141063573,0.134158204,0.643405985,0.597939532,0.557118246,0.384602779,0.390166585,0.397916933,0.391700974,0.205733428,0.210812891,0.063406746,0.197004085,0.124579547,0.124534363,0.084764045
1,0.455598469,0.197001727,0.166387667,0.152510202,0.58203231,0.549836332,0.532303277,0.224372912,0.219910772,0.21801892,0.210089557,0.442526411,0.097635978,0.162647995,0.359963686,0.354892715,0.046562768,0.05250877
1,0.429333803,0.204273928,0.179452641,0.16376815,0.568558195,0.527192265,0.513746222,0.179744652,0.178116564,0.177232439,0.173887416,0.489121537,0.098366056,0.188307254,0.380844303,0.457738675,0.051838672,0.037415735
1,0.525326237,0.261134801,0.222657375,0.204908892,0.436350872,0.394059785,0.383526141,0.314548723,0.308104468,0.303097597,0.288559545,0.383573331,0.101666871,0.149275044,0.349523377,0.253819228,0.038480372,0.08659093
1,0.252643165,0.141554221,0.103659439,0.084903198,0.687545326,0.699462491,0.709076343,0.077724844,0.071833003,0.068641435,0.065488603,0.503340897,0.092614464,0.202493188,0.399909215,0.239202888,0.021211475,0.082887015
0,0.072807426,0.018736183,0.010526726,0.007449938,0.963159587,0.967882104,0.973616219,0.002681721,0.002468328,0.002599157,0.002700963,0.847621549,0.009631096,0.678144062,0.833408988,0.570713241,0.004485991,0.005807768
0,0.097043691,0.020910595,0.012979328,0.008932808,0.953240391,0.960399014,0.967366973,0.003797472,0.003225066,0.003599977,0.003405788,0.75635324,0.022092162,0.512282749,0.710848842,0.47971439,0.00756881,0.018014045
0,0.050850786,0.050361798,0.029602523,0.019194268,0.887382549,0.909680296,0.929880161,0.010285814,0.009366765,0.00977392,0.009469176,0.839760828,0.010804257,0.660529873,0.82024512,0.646443462,0.006403242,0.005195758
0,0.093817141,0.021128037,0.013341379,0.00982253,0.952754156,0.959294368,0.964116671,0.003943035,0.003352881,0.003571436,0.003870183,0.87697871,0.007215784,0.736534096,0.868815252,0.464274993,0.001021267,0.014446354
0,0.061964551,0.005991713,0.003200062,0.002396318,0.986601522,0.99023635,0.991245855,0.000782946,0.000828563,0.000792272,0.000875703,0.861621507,0.015066962,0.663793482,0.79845665,0.716209655,0.007004598,0.01074588
0,0.039654188,0.017431536,0.011161288,0.007983771,0.961020153,0.965946003,0.970833961,0.00271475,0.002869284,0.002929532,0.002981047,0.863277017,0.011608741,0.685937534,0.825238311,0.770430154,0.007786666,0.00634609
0,0.065916312,0.008395646,0.005290614,0.003760558,0.981225923,0.983857907,0.986262059,0.002081448,0.001455567,0.001413568,0.001366473,0.772438391,0.026611362,0.506356842,0.688152519,0.497613791,0.006098124,0.031494345
0,0.055523606,0.151447796,0.092930276,0.076029705,0.661337255,0.71646217,0.722250899,0.071168989,0.072513487,0.077558751,0.077587709,0.850139259,0.016982577,0.640341453,0.780753518,0.569835721,0.006076568,0.017158183
0,0.084885879,0.007489641,0.004613228,0.003072506,0.983251902,0.985924665,0.988775625,0.001296003,0.00124646,0.001263159,0.001130879,0.750270403,0.028916681,0.479655413,0.670903314,0.420890025,0.007670299,0.023070802
0,0.0419649,0.228868943,0.147245688,0.11168976,0.488210547,0.550741429,0.591978813,0.047700773,0.045619717,0.04718734,0.046533759,0.905801245,0.012708731,0.74321659,0.838402179,0.84174315,0.00792673,0.004411877
0,0.044043577,0.002428093,0.001537743,0.001150707,0.994570375,0.995308222,0.995796277,0.000370136,0.000337491,0.000382229,0.000422282,0.892987761,0.008881334,0.744210634,0.85882887,0.772027081,0.006230991,0.002702682
0,0.661379835,0.237433711,0.206295013,0.202690519,0.605268945,0.601113312,0.592576869,0.389442959,0.392827149,0.398659737,0.391533229,0.57070709,0.255341222,0.167533582,0.259645937,0.171576723,0.027334373,0.607431811
0,0.058845298,0.03070753,0.01895122,0.013772896,0.931332799,0.942178285,0.949685332,0.004657744,0.004293678,0.004987988,0.005470897,0.825965144,0.022733063,0.575271139,0.723104857,0.430850805,0.00485194,0.023912676
0,0.073373529,0.071163673,0.049044264,0.03668027,0.840866058,0.850361963,0.866000902,0.019471099,0.018586286,0.018481633,0.017598319,0.725030395,0.0379455,0.424272825,0.613708579,0.569581527,0.015802991,0.017856807
0,0.141375391,0.158273034,0.116163818,0.096113695,0.647112177,0.648311416,0.65449728,0.077472838,0.078071232,0.078523577,0.076597088,0.632987171,0.071948864,0.30043771,0.489786655,0.136357529,0.004234896,0.161183808
0,0.118590567,0.029342482,0.01784171,0.013440733,0.934385275,0.945563492,0.950898778,0.005279019,0.004886356,0.005367103,0.005167599,0.694017548,0.053699071,0.373372451,0.558329551,0.440557628,0.014458956,0.049932546
0,0.073333771,0.117490729,0.084307237,0.068650944,0.737270969,0.742771763,0.749206733,0.047287483,0.047864333,0.049094518,0.048975204,0.814724389,0.021461692,0.572889411,0.733091239,0.61812413,0.007539041,0.018815322
0,0.039279235,0.219313611,0.142445595,0.109091772,0.509577878,0.565386904,0.601469694,0.063103926,0.063180089,0.065390199,0.065674312,0.88954666,0.009934105,0.731269818,0.847480708,0.474742932,0.002414084,0.013694073
0,0.079653811,0.153054445,0.106306692,0.077702382,0.657744517,0.675649637,0.716140332,0.054203415,0.052770688,0.052430652,0.053442202,0.781182194,0.0346675,0.49129009,0.653654108,0.601440087,0.013977973,0.019734194
0,0.10261354,0.067660453,0.047249582,0.039100313,0.848699845,0.855837684,0.857160082,0.040143736,0.040658611,0.041794317,0.040853661,0.737225367,0.035098314,0.443936679,0.631865638,0.49528409,0.011551274,0.028164914
0,0.073368047,0.069701985,0.046241289,0.035980355,0.844134638,0.858914065,0.868557806,0.033391005,0.033411432,0.032886453,0.032018719,0.809490892,0.030953988,0.530744928,0.677712211,0.749690827,0.015470813,0.014533856
0,0.112008729,0.068228217,0.057749056,0.050773465,0.847430232,0.823802934,0.814516125,0.039591985,0.039638507,0.039627393,0.038587096,0.648453339,0.054950713,0.321414698,0.518837948,0.33247823,0.012440615,0.057637997
0,0.121333222,0.099273988,0.060633784,0.045186011,0.791297091,0.823610511,0.840336521,0.023774401,0.022411359,0.023537911,0.023440464,0.589178511,0.170353031,0.191455117,0.30549251,0.041160933,0.013010333,0.334266134
0,0.069229005,0.125270291,0.08419434,0.064831071,0.719874558,0.743116223,0.763161361,0.038637677,0.03813683,0.038062639,0.038470534,0.777212746,0.024115812,0.524944956,0.70857921,0.718981222,0.012109461,0.009635556
0,0.04407129,0.002428093,0.001175692,0.000877859,0.994570375,0.996412868,0.996793036,0.000415856,0.000337491,0.000292422,0.000322377,0.836918488,0.022264814,0.600886458,0.743531548,0.504057228,0.006936544,0.016918759
0,0.055884911,0,0,0,1,1,1,0,0,0,0,0.897372477,0.01343605,0.723589793,0.826146164,0.670506004,0.006764758,0.01181856
0,0.040347156,0.105567703,0.067294741,0.048851666,0.76393286,0.794678274,0.821536777,0.034480599,0.034500172,0.034273144,0.034356641,0.875292238,0.012800567,0.696381367,0.822060826,0.720009224,0.008162048,0.005862493
0,0.037021424,0.004856187,0.002351384,0.001755718,0.989140749,0.992825736,0.993586072,0.001014496,0.000672586,0.000583039,0.000642675,0.890711894,0.016901261,0.69752556,0.800272356,0.524410305,0.006526567,0.01144452
0,0.458315598,0.12862855,0.100050609,0.092602259,0.719561206,0.711727631,0.703208466,0.265085877,0.272023572,0.280619837,0.27708591,0.49983808,0.127658031,0.175679813,0.344530186,0.058848336,0.00959279,0.416085083
0,0.021700383,0.002428093,0.001537743,0.001150707,0.994570375,0.995308222,0.995796277,0.000300587,0.000337491,0.000382229,0.000422282,1,0,1,1,0.747009853,0.001406275,0.002475359
0,0.022758767,0.015909448,0.008864406,0.006738161,0.964423799,0.972953976,0.975384383,0.002413956,0.002168389,0.002407907,0.002426158,0.922219259,0.006084569,0.808492347,0.897866546,0.498677807,0.001359086,0.010035711
0,0.054053147,0.002416013,0.001526064,0.001138844,0.994597388,0.995343855,0.995839614,0.000415396,0.000335718,0.000379227,0.000417827,0.836604534,0.021964397,0.595501201,0.737176577,0.488639415,0.005468595,0.025576687
0,0.065195742,0.135961151,0.09556585,0.075104394,0.695967999,0.708420818,0.725631212,0.043503981,0.044927608,0.045879672,0.046219836,0.743025818,0.041595009,0.437554439,0.612800726,0.651850939,0.01923676,0.018861918
0,0.063756684,0.002790495,0.001763538,0.001316788,0.993759983,0.994619302,0.995189554,0.00055403,0.000387514,0.000437956,0.000482786,0.691744415,0.052642687,0.365810618,0.551066727,0.26582027,0.009012054,0.057147951
0,0.048794445,0.196264843,0.141569666,0.110776312,0.561118798,0.568059437,0.595315789,0.067208285,0.068382689,0.068238092,0.067918596,0.757279918,0.03516629,0.475489707,0.653200182,0.661754043,0.016672336,0.013529535
0,0.085752396,0.086167116,0.068221279,0.057464174,0.807315836,0.791851329,0.790073858,0.04560323,0.046814314,0.047660642,0.047732004,0.787112632,0.020104444,0.553041051,0.737176577,0.477414427,0.007569558,0.020590155
0,0.038376692,0,0,0,1,1,1,0,0,0,0,0.856373694,0.017284493,0.645450597,0.779845665,0.710151844,0.009155912,0.0077964
0,0.030515033,0.024691656,0.015198349,0.010190282,0.944785303,0.9536286,0.962773213,0.003339507,0.003321896,0.003871267,0.004131555,0.989893131,0.002048696,0.965873653,0.977303677,0.662262316,0.00168265,0.004422229
0,0.029904491,0.036699243,0.022388757,0.016620006,0.917934321,0.931690082,0.939284367,0.005416226,0.005327124,0.005841766,0.006242688,0.93745299,0.005105025,0.845686191,0.918747163,0.78077302,0.004956919,0.001708744
0,0.056860894,0.152051799,0.096971231,0.072150517,0.659986602,0.704132889,0.736422214,0.052874995,0.053553952,0.056445037,0.058032562,0.859417796,0.017576139,0.645200191,0.775760327,0.701159128,0.009875939,0.007946889
0,0.045217797,0.008963409,0.005676023,0.004436747,0.979956309,0.982681993,0.98379183,0.001284427,0.001340543,0.001519478,0.001610112,0.863912188,0.015342312,0.663853879,0.794825238,0.592803309,0.005667686,0.013481164
0,0.028999575,0,0,0,1,1,1,0,0,0,0,0.843389337,0.01859324,0.628309194,0.773036768,0.301246399,0.001252722,0.030760538
0,0.046466816,0,0,0,1,1,1,0,0,0,0,0.83637826,0.015663469,0.624513454,0.778483886,0.578225453,0.006339976,0.013218489
0,0.023895838,0,0,0,1,1,1,0,0,0,0,0.872775506,0.013598547,0.690682619,0.816159782,0.648805061,0.006573332,0.007925649
0,0.033193008,0,0,0,1,1,1,0,0,0,0,0.815339138,0.017479867,0.599111216,0.766681798,0.829929619,0.011495104,0.004346488
0,0.035343786,0,0,0,1,1,1,0,0,0,0,0.857717851,0.014844833,0.660988248,0.798002724,0.432102732,0.002047559,0.019911213
0,0.035312554,0.017044974,0.009113559,0.00653649,0.961884571,0.972193789,0.976121118,0.002524364,0.00241787,0.002808594,0.002491535,0.906954392,0.006499626,0.781882034,0.88697231,0.733745649,0.005125748,0.002453133
0,0.066083605,0.038946135,0.025261806,0.019929771,0.912909891,0.922924177,0.927193245,0.007223187,0.007183658,0.007810551,0.008052224,0.770760806,0.023741834,0.513446698,0.70086246,0.384361449,0.007494216,0.023626759
0,0.03518887,0.096809654,0.059465878,0.045233463,0.783517329,0.818564771,0.83475467,0.017537388,0.016292051,0.017543242,0.018023961,0.734314086,0.04017322,0.436678117,0.62006355,0.473260379,0.013690346,0.022301759
0,0.036494381,0.150143149,0.093572624,0.069825377,0.664254665,0.714502313,0.744916335,0.041655199,0.041103665,0.043136758,0.042807761,0.801379565,0.022687987,0.552380496,0.721289151,0.347077777,0.004410496,0.023181694
0,0.035774723,0.025259419,0.014925838,0.010878333,0.94351569,0.954460054,0.960259646,0.003969565,0.003589526,0.003806798,0.004112297,0.902446903,0.008519242,0.757185168,0.862914208,0.549042185,0.001772846,0.011782567
0,0.06021622,0.065836363,0.044937128,0.035505837,0.852778818,0.862893169,0.8702913,0.028204858,0.028025419,0.027036672,0.026037068,0.857653326,0.013554049,0.664974676,0.804811621,0.844086934,0.009851169,0.00505156
0,0.04704821,0.021164277,0.01370343,0.010036063,0.952673117,0.958189721,0.963336599,0.005416546,0.004552729,0.003860597,0.003568417,0.839370401,0.022390777,0.606636802,0.746709033,0.846965893,0.014337257,0.006165215
0,0.100423946,0.053079813,0.035952038,0.029408276,0.883379213,0.890307408,0.8925667,0.024037173,0.02341589,0.02394244,0.023008215,0.688585905,0.048105061,0.380570924,0.575578756,0.405266611,0.0133698,0.040932719
0,0.041487346,0.00898757,0.005699381,0.004270665,0.979902283,0.982610725,0.984398553,0.001285625,0.001237441,0.00140256,0.001550701,0.858340937,0.01688594,0.652334528,0.785746709,0.538420829,0.00519961,0.013123349
0,0.055180441,0,0,0,1,1,1,0,0,0,0,0.805668184,0.021298332,0.566400519,0.734453019,0.740221132,0.011446093,0.011751689
0,0.113317424,0.03982798,0.02529295,0.01731992,0.910937938,0.922829153,0.936727463,0.014846887,0.014205857,0.014349619,0.013529934,0.698269973,0.044686745,0.385465551,0.578756241,0.442940833,0.014684836,0.033400277
0,0.110817043,0.015752407,0.009588508,0.00717709,0.964774968,0.970744683,0.973780901,0.0028338,0.002584083,0.002486351,0.002744907,0.676525345,0.039604803,0.38344531,0.595097594,0.442826701,0.015139021,0.031991122
0,0.021671692,0.093886278,0.061661541,0.045387682,0.79005449,0.811865624,0.834191284,0.030252113,0.029753031,0.029807669,0.029938595,0.851152617,0.017583026,0.643061229,0.781207444,0.454853154,0.004276416,0.019066138
0,0.034733342,0.171379906,0.112699031,0.083230521,0.616765704,0.656146092,0.695945125,0.065274793,0.066769439,0.06872713,0.069449778,0.81914937,0.019348812,0.59128471,0.753064004,0.37262527,0.002693406,0.02700091
0,0.091235753,0.023012527,0.017810566,0.015884502,0.948540119,0.945658516,0.941971283,0.024360884,0.023641869,0.023033729,0.021325702,0.598487646,0.068181392,0.27587171,0.475261008,0.178832962,0.010876678,0.088952856
0,0.042597512,0.000930165,0.000350372,0.000260985,0.997919994,0.998930987,0.999046578,0.000115611,0.000129555,8.73E-05,9.60E-05,0.831099987,0.021933034,0.594030722,0.740807989,0.650458817,0.011551368,0.008631245
0,0.047210933,0.16479627,0.10376455,0.075507735,0.631487822,0.683405918,0.724157742,0.034272426,0.03405838,0.035758442,0.036470355,0.839376719,0.018373659,0.621470778,0.769405356,0.392060564,0.003387723,0.023135251
0,0.021456459,0.008057404,0.00533733,0.003724969,0.981982288,0.983715372,0.986392071,0.00121723,0.001210779,0.00131463,0.001355153,0.920261275,0.010540129,0.776475592,0.859736723,0.435507236,0.001421673,0.015786096
0,0.044282017,0,0,0,1,1,1,0,0,0,0,0.850849917,0.012446854,0.664951285,0.812982297,0.764410365,0.008872406,0.003042337
0,0.031396036,0.00898757,0.005450228,0.004270665,0.979902283,0.983370912,0.984398553,0.001285625,0.001237441,0.001464722,0.001550701,0.868667654,0.009366786,0.707222316,0.845211076,0.549577637,0.004383588,0.006293778
0,0.143672875,0.096495573,0.063113637,0.046360444,0.784219669,0.80743516,0.830637621,0.029809926,0.02824887,0.027627622,0.027860515,0.839100778,0.018726907,0.621870418,0.769859283,0.557266596,0.004167834,0.025958723
0,0.106434448,0.167671326,0.10318449,0.077488849,0.625058714,0.685175728,0.716920404,0.061031055,0.061566648,0.065956126,0.067505599,0.776280542,0.031073151,0.49733607,0.669087608,0.721987473,0.017752677,0.011088901
0,0.052050883,0,0,0,1,1,1,0,0,0,0,0.912917261,0.007230638,0.781563053,0.878801634,0.608241264,0.003226721,0.006915275
0,0.022206301,0.085466472,0.053700315,0.037475088,0.808882594,0.83615597,0.863097299,0.012700627,0.012965814,0.013936745,0.01481007,0.850109443,0.011745215,0.668783723,0.818883341,0.773754345,0.008158237,0.00266253
0,0.023988019,0.004493785,0.002623895,0.002135333,0.989951141,0.991994282,0.992199276,0.000599782,0.000622773,0.00076246,0.00078102,0.819860087,0.026896453,0.557246479,0.703586019,0.858742901,0.018650227,0.0051372
0,0.096917928,0.164445948,0.101245766,0.071023536,0.632271201,0.691090933,0.740539262,0.048302193,0.046799117,0.04977088,0.052876431,0.79145126,0.031382216,0.518417073,0.679981843,0.797137597,0.020687773,0.007753067
0,0.057067014,0.021901161,0.012753533,0.008992123,0.95102532,0.961087934,0.967150286,0.003411636,0.003558334,0.003084625,0.003212166,0.847451317,0.018129064,0.632283269,0.773490695,0.657343389,0.008359211,0.008740402
0,0.047893613,0.003358259,0.001899794,0.001423555,0.993462839,0.994203575,0.994799518,0.00037166,0.000367333,0.000473982,0.000524459,0.743057233,0.032942166,0.45762822,0.644575579,0.449723797,0.012443927,0.016156366
0,0.057009918,0.015704087,0.009950559,0.007271994,0.964883021,0.969640036,0.973434202,0.002230592,0.002140858,0.002423387,0.002613455,0.823618665,0.021150806,0.582030792,0.735814798,0.528756197,0.007713139,0.012117585
0,0.075421773,0.10328457,0.059535952,0.042955775,0.769038329,0.818350968,0.843075442,0.015967143,0.014415385,0.015198736,0.015886198,0.926419899,0.005433928,0.820954662,0.906491148,0.550947532,0.001416754,0.008785571
0,0.094339508,0.146470809,0.092221746,0.064498909,0.672466636,0.718623951,0.764374807,0.024503735,0.024104015,0.024382764,0.025693284,0.93151734,0.008391139,0.806838806,0.881071266,0.705204949,0.004690486,0.004362509
0,0.092487572,0.13588867,0.086537937,0.062600835,0.696130077,0.735965715,0.771308783,0.025744384,0.024823465,0.0252504,0.026240541,0.804375873,0.030532863,0.534810467,0.689060372,0.62638887,0.012889484,0.013579399
0,0.28506329,0.099213588,0.073437926,0.063229572,0.77814173,0.775934916,0.769011904,0.126400575,0.12797367,0.132282385,0.132503796,0.503252338,0.124452787,0.17323682,0.340898774,0.698736902,0.082384461,0.035565655
0,0.080434431,0.027325111,0.016938529,0.012408655,0.938896456,0.94831917,0.954669128,0.003819133,0.003855968,0.004282466,0.004631981,0.949920031,0.00880962,0.841634218,0.894235134,0.682565788,0.004785025,0.005335424
0,0.044828998,0.056510552,0.033051738,0.026134099,0.873632901,0.899156459,0.904527809,0.011791542,0.010246302,0.011213334,0.010621475,0.829210535,0.020752667,0.598450612,0.749432592,0.576894892,0.008268115,0.011604809
0,0.027676396,0,0,0,1,1,1,0,0,0,0,0.896726629,0.00580712,0.765672523,0.883340899,0.701518245,0.003912702,0.003208487
0,0.135424014,0.125318612,0.092066026,0.074534972,0.719766505,0.719099068,0.727711405,0.075024489,0.077664571,0.079784933,0.08054196,0.696604985,0.047087423,0.384436265,0.576032683,0.401974187,0.011824024,0.038232736
0,0.04820799,0.020608594,0.01196325,0.00845829,0.953915718,0.963499152,0.969100467,0.005756147,0.004563939,0.00467274,0.004748235,0.765289756,0.024158233,0.507796951,0.697684975,0.32663379,0.004780914,0.0220525
0,0.006476761,0,0,0,1,1,1,0,0,0,0,0.746120381,0.027885435,0.483767883,0.680889696,0.380145034,0.006887427,0.022378875
0,0.010618421,0,0,0,1,1,1,0,0,0,0,0.826749295,0.016165575,0.618389273,0.778483886,0.730574264,0.009218746,0.005792862
0,0.008227512,0,0,0,1,1,1,0,0,0,0,0.954787867,0.006154295,0.862984926,0.913300045,0.852757466,0.006246239,0.000984902
0,0.141486778,0.071332794,0.057834702,0.050085413,0.840487875,0.823541619,0.817029692,0.066441178,0.068283089,0.070174356,0.06988472,0.597800526,0.157517302,0.22413508,0.360871539,0.241166433,0.014974586,0.359873906
0,0.077744854,0.160556166,0.101409273,0.076361868,0.640969407,0.69059206,0.721037453,0.028734876,0.028280923,0.029679828,0.030420035,0.805188121,0.026260864,0.54300339,0.701770313,0.286014523,0.002747281,0.038918586
0,0.053214779,0.175293848,0.117277222,0.086219987,0.608013472,0.642177658,0.685024112,0.060368064,0.062035414,0.064263903,0.06638406,0.836399181,0.015425131,0.626538731,0.781207444,0.329912033,0.00225357,0.022802507
0,0.080455952,0.014761841,0.007427882,0.005350195,0.966990039,0.977336928,0.980454853,0.002565635,0.002212914,0.002040062,0.001933238,0.763676584,0.031876527,0.482594025,0.660463005,0.675436174,0.016207368,0.015005939
0,0.106644103,0.035044273,0.022548371,0.01731992,0.92163511,0.931203087,0.936727463,0.015817444,0.015624013,0.01534417,0.01461773,0.83474828,0.020068173,0.598996834,0.745347254,0.611348857,0.007085364,0.014556704
0,0.085684303,0.103731533,0.066379881,0.049575306,0.768038845,0.797469585,0.818893198,0.057298417,0.05701557,0.059391613,0.059756194,0.63477031,0.063834062,0.310497414,0.505674081,0.655026945,0.032129565,0.023264838
0,0.026459165,0,0,0,1,1,1,0,0,0,0,0.897508879,0.008566653,0.750143879,0.861552429,0.533644456,0.00242674,0.009335013
0,0.046700156,0.02360445,0.013975941,0.009348012,0.947216479,0.957358267,0.965850165,0.00322871,0.003473548,0.003599408,0.003606298,0.834787923,0.017315724,0.615036616,0.76758965,0.846813879,0.010660951,0.006363244
0,0.033829455,0.002995857,0.001899794,0.001423555,0.993300761,0.994203575,0.994799518,0.000417331,0.000416083,0.000471828,0.00052194,0.812647612,0.015869662,0.596623785,0.768497503,0.479779926,0.004529628,0.015386582
0,0.069929005,0.197895652,0.123871998,0.092673436,0.557472035,0.622056461,0.661448591,0.06770915,0.067569282,0.071394556,0.072776209,0.81056301,0.019663946,0.582088556,0.748978665,0.567268105,0.006875174,0.015095331
0,0.036739531,0.03615564,0.023225756,0.015908228,0.919149909,0.929136329,0.941884608,0.005985276,0.005748645,0.006248329,0.006551452,0.93021087,0.003591451,0.840945029,0.92555606,0.725155386,0.003609035,0.001980061
0,0.040851494,0.28080115,0.162693191,0.118534687,0.372081398,0.503609842,0.56697316,0.059756858,0.057530461,0.063593386,0.06570938,0.938708546,0.005128917,0.843702782,0.916023604,0.761066873,0.003195798,0.003939578
0,0.102361765,0.100252473,0.066290341,0.053407042,0.775818607,0.797742777,0.804895233,0.057523464,0.058326137,0.060446219,0.06002856,0.788148103,0.03637353,0.495938141,0.650930549,0.593165426,0.014672819,0.022323656
0,0.009571899,0,0,0,1,1,1,0,0,0,0,0.918985306,0.009860937,0.782484357,0.868815252,0.794774482,0.00617352,0.003666348
0,0.009677511,0,0,0,1,1,1,0,0,0,0,0.848189428,0.017376626,0.638783884,0.779391739,0.764289248,0.009819377,0.005848453
0,0.003305773,0,0,0,1,1,1,0,0,0,0,0.958048809,0.006184188,0.874423093,0.920562869,0.556037588,0.002748565,0.006548687
0,0.008856006,0,0,0,1,1,1,0,0,0,0,0.909260818,0.007639802,0.775753024,0.876985928,0.76023508,0.005176188,0.00289433
0,0.076949812,0.131974729,0.083474131,0.06562589,0.704882309,0.745313638,0.760257758,0.045904882,0.045232836,0.046110557,0.044895185,0.905429312,0.006306541,0.780038658,0.887426237,0.640780758,0.003095871,0.00762457
0,0.043906366,0,0,0,1,1,1,0,0,0,0,0.794644259,0.019501585,0.553942237,0.733091239,0.498181802,0.007110226,0.016365542
0,0.068282383,0.086372477,0.058041032,0.043264212,0.806856614,0.82291209,0.84194867,0.020000873,0.018994083,0.019650281,0.020358886,0.807317672,0.024011222,0.553973156,0.715388107,0.484211187,0.008561484,0.019319602
0,0.043431127,0.047619623,0.035002141,0.027047547,0.893514514,0.893205621,0.901190833,0.023091264,0.023868466,0.02348398,0.023280107,0.773374039,0.035167455,0.479043727,0.644575579,0.501794777,0.011849763,0.026597831
0,0.007626203,0.002428093,0.001537743,0.001150707,0.994570375,0.995308222,0.995796277,0.000370136,0.000337491,0.000382229,0.000422282,0.856864353,0.019382883,0.635397645,0.765320018,0.447677967,0.003495372,0.020930067
0,0.012773708,0,0,0,1,1,1,0,0,0,0,0.912117161,0.009004331,0.771591594,0.866091693,0.794267948,0.005271409,0.004611258
0,0.045531829,0.001497928,0.000587846,0.000438929,0.99665038,0.998206434,0.998396518,0.000185449,0.000208492,0.000146437,0.000161448,0.769944505,0.061124133,0.430585629,0.566500227,0.596715657,0.025540874,0.028815168
0,0.03281817,0.028122395,0.015603223,0.010747841,0.937113594,0.952393296,0.960736357,0.004809142,0.004448362,0.00454984,0.004722696,0.784261223,0.028942143,0.512043759,0.681343622,0.40505725,0.006712952,0.036648172
0,0.100092077,0.05618439,0.036820181,0.028269432,0.874362253,0.887658632,0.896727086,0.010332782,0.010956509,0.010982115,0.010984504,0.699896435,0.032029249,0.419927223,0.632773491,0.312488354,0.004889145,0.04740849
0,0.140867076,0.053587176,0.038346245,0.030131916,0.880170062,0.883002487,0.889923121,0.017028232,0.015126112,0.014268244,0.013734401,0.567547574,0.059175372,0.268089892,0.489332728,0.373570254,0.019406452,0.041509411
0,0.117025264,0.09241251,0.067586717,0.05865047,0.793350084,0.79378743,0.785740122,0.038315854,0.038744288,0.039792187,0.039486636,0.581557197,0.08105894,0.250035109,0.441216523,0.377683617,0.027434909,0.047516104
0,0.102680522,0.024317174,0.014801261,0.010558034,0.945622708,0.954840148,0.961429755,0.003800247,0.003495919,0.00391968,0.004515935,0.717044717,0.033137873,0.432110996,0.634589197,0.689585291,0.018477508,0.014894977
0,0.111742649,0.048126986,0.032553432,0.023180222,0.892379965,0.900676832,0.91531881,0.01855677,0.017817291,0.017594627,0.018200108,0.663880757,0.05514162,0.336646405,0.53018611,0.666133416,0.034617675,0.025680608
0,0.038190935,0.130754642,0.077120723,0.05632533,0.707610628,0.764698403,0.794234244,0.022705728,0.023058563,0.025259879,0.026186692,0.88734743,0.011214201,0.725932657,0.841579664,0.663051685,0.005824508,0.00590041
0,0.034011207,0.009349972,0.004239499,0.002989466,0.979091891,0.987064945,0.989078987,0.001259763,0.001286675,0.001046712,0.001090008,0.951534302,0.005202169,0.860609246,0.916477531,0.824454156,0.004038316,0.003300973
0,0.03958337,0.236237784,0.161490248,0.117467021,0.47173258,0.507280119,0.570873522,0.060970634,0.063755478,0.063864677,0.065992885,0.946591662,0.006626287,0.84682502,0.906945075,0.620859695,0.002988641,0.007365926
0,0.087725988,0.021152197,0.011441585,0.008446427,0.95270013,0.965090793,0.969143804,0.003772612,0.003753238,0.003330996,0.003510463,0.728237193,0.035404126,0.437902466,0.630503858,0.484110995,0.010161352,0.032082667
0,0.05669759,0.096894215,0.061727722,0.047653507,0.783328238,0.811663699,0.825913849,0.03785887,0.037132136,0.038553142,0.037735725,0.768278726,0.03148372,0.487839518,0.66364049,0.54467574,0.013500808,0.021518202
0,0.076982374,0.095577488,0.062946237,0.050642972,0.786272662,0.80794591,0.814992836,0.064327344,0.065467987,0.068532197,0.068925208,0.703316958,0.043425775,0.394505558,0.588288697,0.622632725,0.016614689,0.031753336
0,0.103054192,0.02182868,0.013668393,0.009763215,0.951187399,0.958296623,0.964333358,0.003988797,0.003449348,0.003645443,0.003864464,0.772792702,0.027907049,0.50065428,0.678166137,0.470305116,0.010816027,0.026432347
0,0.03462246,0.278542178,0.17826527,0.134798804,0.37713284,0.456098162,0.507557648,0.053945473,0.051138055,0.05294409,0.052921627,0.860684835,0.014847889,0.660965546,0.794825238,0.695224611,0.007242648,0.00648644
0,0.039795514,0.001497928,0.000949897,0.000711778,0.99665038,0.997101788,0.997399759,0.000185449,0.000208492,0.000236452,0.0002616,0.897118489,0.01044442,0.741427051,0.849296414,0.557108491,0.00411709,0.008774428
0,0.006934307,0,0,0,1,1,1,0,0,0,0,0.786336103,0.039790739,0.490141471,0.643213799,0.57731148,0.017112482,0.01561267
0,0.040538317,0.207535546,0.128127068,0.092163329,0.535915612,0.609073895,0.663312098,0.051664651,0.051004951,0.053482712,0.055772006,0.891863976,0.009542833,0.737941233,0.853381752,0.671839905,0.005289161,0.005897171
0,0.015299103,0,0,0,1,1,1,0,0,0,0,0.804888477,0.023498916,0.556245226,0.720835225,0.624505783,0.011389256,0.01151732
0,0.045924833,0.001497928,0.000949897,0.000711778,0.99665038,0.997101788,0.997399759,0.000185449,0.000208492,0.000236452,0.0002616,0.799235913,0.028402633,0.531985412,0.692237857,0.635285568,0.0111869,0.019729923
0,0.029249388,0.000930165,0.000587846,0.000438929,0.997919994,0.998206434,0.998396518,0.000185449,0.000129555,0.000146437,0.000161448,0.791299236,0.041229377,0.49408048,0.642305946,0.529000958,0.015130708,0.021315301
0,0.032661271,0.136842995,0.091361389,0.068330644,0.693996045,0.721248972,0.750376842,0.024287595,0.02440407,0.025652471,0.027084461,0.858157522,0.017175306,0.64097615,0.772128915,0.52798475,0.004898207,0.014917391
0,0.009160749,0.229521267,0.142511776,0.101962133,0.486751841,0.56518498,0.627515443,0.038919266,0.036925913,0.03935665,0.041220475,0.889306442,0.011165162,0.720689268,0.834770767,0.447870233,0.002414236,0.012289334
0,0.027654273,0,0,0,1,1,1,0,0,0,0,0.848138503,0.015467631,0.651251994,0.795733091,0.638239275,0.007251264,0.009420323
0,0.078950491,0.005991713,0.003075486,0.001423555,0.986601522,0.990616443,0.994799518,0.000828666,0.000828563,0.00076161,0.000765048,0.709838295,0.041297736,0.408131043,0.600544712,0.509403797,0.013571683,0.030577197
0,0.01482979,0,0,0,1,1,1,0,0,0,0,0.74638214,0.045709082,0.436196084,0.605537903,0.614863943,0.019397655,0.019189148
0,0.059536446,0.057561518,0.039634835,0.033999241,0.871282764,0.879070896,0.875795144,0.048583118,0.049591934,0.050747183,0.049978689,0.760653655,0.028389446,0.488310842,0.674534725,0.87322578,0.020886976,0.007297734
0,0.070339015,0.131153284,0.084244949,0.062517794,0.706719197,0.74296181,0.771612145,0.077206389,0.078326685,0.082984579,0.085913352,0.709246958,0.043200284,0.400138968,0.59055833,0.368230949,0.010722245,0.054876392
0,0.045679994,0,0,0,1,1,1,0,0,0,0,0.874000964,0.010966412,0.706176899,0.836132547,0.569069629,0.004136716,0.016985507
0,0.044146441,0.002995857,0.001899794,0.001423555,0.993300761,0.994203575,0.994799518,0.000415856,0.000416083,0.000471828,0.00052194,0.736620778,0.034498092,0.446233122,0.635497049,0.823826736,0.022197012,0.008911361
0,0.061525459,0.277732813,0.174197065,0.126637088,0.378942715,0.468510588,0.537373747,0.057006478,0.052395355,0.054347494,0.055300202,0.877751625,0.014641802,0.685028408,0.803449841,0.612038421,0.005954143,0.00933755
0,0.065106287,0.099817591,0.06920232,0.052968112,0.776791077,0.788858093,0.806498715,0.054246879,0.053827006,0.054858171,0.055857421,0.71987683,0.045463863,0.411068676,0.594643668,0.303771025,0.013855825,0.03567237
0,0.169999579,0.097969341,0.065838751,0.054379804,0.780924076,0.799120616,0.80134157,0.074172469,0.076583465,0.080767799,0.081532183,0.59366,0.061831422,0.278821083,0.490240581,0.632476328,0.032681037,0.04066331
0,0.084427064,0.014786002,0.009576829,0.00749739,0.966936013,0.970780317,0.972610792,0.003130179,0.002715273,0.002662564,0.00280959,0.822934718,0.017881997,0.598827348,0.759872901,0.877851595,0.013253171,0.003983674
0,0.086944213,0.128930552,0.074446218,0.054534023,0.7116896,0.772858534,0.800778184,0.032966949,0.030930368,0.032812927,0.032912661,0.739386237,0.036282353,0.446334844,0.631865638,0.613747375,0.018752898,0.012973279
0,0.080685008,0.088655609,0.05409351,0.037332732,0.801751146,0.834956301,0.863617347,0.013529969,0.012148694,0.013104478,0.013989325,0.92782914,0.007451254,0.807575532,0.887880163,0.721938563,0.004243017,0.004723236
0,0.068473008,0.23904036,0.142278195,0.103966974,0.465465549,0.565897655,0.62019143,0.044656502,0.042548331,0.045796012,0.046531679,0.904181061,0.007661558,0.773086898,0.878347708,0.454610478,0.001827842,0.010081295
0,0.063235517,0.30078158,0.186031845,0.137290026,0.327401795,0.432401711,0.498456803,0.058224123,0.054456314,0.05729347,0.058008055,0.938113592,0.004916089,0.846330751,0.918747163,0.471346008,0,0.012677859
0,0.081775445,0.209528757,0.127352357,0.094191895,0.531458457,0.611437601,0.65590141,0.036746382,0.035099589,0.037111739,0.037684767,0.929171362,0.006964996,0.817140516,0.896958693,0.957020957,0.007418374,0
0,0.077066491,0.292047692,0.187398295,0.133090538,0.346932238,0.428232561,0.513798227,0.054509886,0.051100632,0.052204444,0.055205523,0.911055112,0.009339957,0.766399493,0.861552429,0.63586659,0.004522761,0.005945804
0,0.080627307,0.038728694,0.024206797,0.017616494,0.913396127,0.926143093,0.935644029,0.00603266,0.005780849,0.006391793,0.006729755,0.914880237,0.010048983,0.773856202,0.864275987,0.732790149,0.006052658,0.00416066
0,0.073655663,0.233556009,0.148308483,0.104809244,0.477729479,0.547498757,0.617114478,0.042323521,0.037094722,0.038162451,0.040967853,0.889093041,0.009765921,0.741663587,0.859282796,0.616150433,0.004622696,0.00641819
0,0.134838282,0.037085805,0.022649589,0.01731992,0.917069903,0.930894261,0.93755954,0.005732257,0.006016711,0.006713125,0.007280367,0.711293293,0.036329131,0.416358128,0.616432138,0.593958396,0.022292639,0.015499715
0,0.101342286,0.040963506,0.025939191,0.018506216,0.90839871,0.920857419,0.932393728,0.006693226,0.006706765,0.007231828,0.006985032,0.789892604,0.019435242,0.556998132,0.73944621,0.26597097,0.000955052,0.038081211
0,0.075287809,0.020608594,0.012687352,0.009241245,0.953915718,0.961289858,0.966240201,0.002911765,0.002985529,0.003299046,0.003417171,0.800039482,0.020967248,0.571420832,0.742169768,0.548101786,0.009044185,0.012607126
0,0.106364141,0.024486295,0.015050415,0.011139319,0.945244525,0.954079961,0.959306225,0.003873375,0.004140786,0.004325437,0.004221833,0.84637318,0.018120976,0.626765809,0.768497503,0.553930241,0.006596964,0.013558555
0,0.067958287,0.291081287,0.187554016,0.140670969,0.349093283,0.427757445,0.486105657,0.057860744,0.055510373,0.056790976,0.056746233,0.918585703,0.007357548,0.792187273,0.882886972,0.625305617,0.002677589,0.006853359
0,0.072648275,0.086674478,0.055475532,0.038780013,0.806181288,0.830739639,0.85833019,0.015045757,0.014800299,0.015138305,0.015914988,0.933038558,0.005226329,0.835107446,0.913753972,0.663503879,0.002668085,0.006404053
0,0.052641782,0.022468924,0.014302955,0.01058176,0.949755707,0.956360522,0.96134308,0.005939163,0.005016282,0.004213409,0.004107517,0.834784973,0.017155452,0.615571706,0.768043577,0.860056844,0.012311366,0.00361967
0,0.053611056,0.137024196,0.082528127,0.061331499,0.693590849,0.748199972,0.77594588,0.026895752,0.026395668,0.027778157,0.027201472,0.893837223,0.008874276,0.740585118,0.854743532,0.82672435,0.007421317,0.001763703
0,0.104420706,0.113238545,0.077346518,0.059646958,0.746779566,0.764009484,0.782099785,0.047007402,0.045905802,0.046772803,0.046603339,0.494246289,0.086229272,0.195513862,0.399455288,0.520159974,0.044815441,0.033622018
0,0.04321656,0.000930165,0.000587846,0.000438929,0.997919994,0.998206434,0.998396518,0.000185449,0.000129555,0.000146437,0.000161448,0.786663548,0.024547066,0.536535453,0.711302769,0.681757079,0.011887548,0.010722266
0,0.09965383,0.163250021,0.103780122,0.074036728,0.634945494,0.683358407,0.729531574,0.044655096,0.043808848,0.045218371,0.04661376,0.770351041,0.033961871,0.48075863,0.650930549,0.481342709,0.00897247,0.029388447
0,0.066584915,0.071054952,0.044154631,0.032409604,0.841109175,0.865280631,0.881602349,0.024144017,0.022273443,0.022549531,0.022633888,0.744747685,0.02704423,0.478523185,0.675896505,0.506970968,0.010583276,0.019479432
0,0.131079613,0.128447349,0.083061471,0.064795483,0.712770123,0.746572697,0.763291373,0.077458401,0.078923127,0.083666191,0.085639814,0.688455677,0.046130167,0.372156179,0.56740808,0.391009796,0.015470331,0.036306886
0,0.054005169,0.107343473,0.07446179,0.06137895,0.75996194,0.772811023,0.775772531,0.05570643,0.053264307,0.052940759,0.050882767,0.787569997,0.029152179,0.51446248,0.681797549,0.606425774,0.012494587,0.017408263
0,0.067901936,0,0,0,1,1,1,0,0,0,0,0.805687568,0.031557774,0.527490538,0.674988652,0.428391206,0.009387655,0.029276848
0,0.048070527,0.010123096,0.006197688,0.004163899,0.977363055,0.981090351,0.984788589,0.001605139,0.00149108,0.001745219,0.001512427,0.66438061,0.05839144,0.3415372,0.531093963,0.407052296,0.019084442,0.041263826
0,0.093071096,0.003926022,0.002125589,0.001316788,0.991220755,0.993514656,0.995189554,0.000532413,0.000546748,0.000529717,0.000484728,0.71646868,0.037188765,0.424533956,0.620971403,0.457108472,0.01471238,0.026982327
0,0.052188515,0.066053805,0.044142952,0.033370504,0.852292583,0.865316264,0.878092023,0.019262317,0.018003186,0.017661687,0.017616644,0.684871115,0.042110565,0.378389595,0.5814798,0.703262629,0.022583324,0.013581666
0,0.070382507,0,0,0,1,1,1,0,0,0,0,0.726123885,0.039940156,0.419755194,0.605991829,0.60893338,0.019823257,0.017694688
0,0.067603772,0.014955123,0.009553471,0.007117775,0.966557831,0.970851584,0.973997588,0.003359808,0.002639359,0.002669667,0.002558384,0.609309503,0.050664005,0.307755676,0.528370404,0.529683372,0.023469466,0.023754306
0,0.055516481,0.063263309,0.035811889,0.025469773,0.8585326,0.890735013,0.906954701,0.013360869,0.012591769,0.013667552,0.014932686,0.705780608,0.053777508,0.371215677,0.54561961,0.463517251,0.019055702,0.031602631
0,0.093805004,0.064809558,0.046537159,0.04057132,0.855074928,0.858011343,0.85178625,0.073411026,0.075461032,0.079155331,0.079978123,0.56418474,0.08602305,0.235811617,0.42623695,0.491596059,0.040276948,0.042836132
0,0.044488077,0,0,0,1,1,1,0,0,0,0,0.683895936,0.052390601,0.359526561,0.548343168,0.46859873,0.016519696,0.034350195
0,0.064201296,0,0,0,1,1,1,0,0,0,0,0.720339274,0.027170149,0.455012165,0.666364049,0.377369788,0.007710422,0.023443232
0,0.029176379,0.122902598,0.077833145,0.063193983,0.725169118,0.762524744,0.769141916,0.040222865,0.040838824,0.042902511,0.041507911,0.860303666,0.017461516,0.651157832,0.781661371,0.486041393,0.004454878,0.019490405
0,0.051139259,0.002790495,0.001537743,0.001150707,0.993759983,0.995308222,0.995796277,0.000391566,0.000387514,0.00049429,0.000543973,0.79734702,0.027444244,0.535480711,0.698592828,0.405286536,0.007379261,0.027384653
0,0.120336431,0.026696947,0.020177522,0.015326943,0.940301135,0.93843674,0.944008139,0.008059372,0.007623844,0.007307337,0.006659694,0.56796212,0.098812443,0.223614287,0.399455288,0.278379185,0.021657504,0.104370988
0,0.056920156,0,0,0,1,1,1,0,0,0,0,0.716162099,0.053192555,0.384745447,0.556967771,0.516656552,0.019308102,0.037313663
0,0.185006254,0.098283423,0.069190641,0.056871026,0.780221736,0.788893727,0.792240725,0.068919085,0.0680752,0.06940078,0.067231581,0.461505111,0.17074662,0.140831008,0.287335452,0.32358188,0.038784565,0.141168257
0,0.037695239,0.024353414,0.01775217,0.014662617,0.945541669,0.945836684,0.946435031,0.013521714,0.011871818,0.010060566,0.00809361,0.75446823,0.028441048,0.487182082,0.676804358,0.911906542,0.019222528,0.006456735
0,0.049955892,0.001497928,0.000587846,0.000438929,0.99665038,0.998206434,0.998396518,0.000185449,0.000208492,0.000146437,0.000161448,0.692073387,0.040201218,0.393416773,0.5969133,0.465573323,0.011542597,0.029188339
0,0.104149826,0.072577041,0.051274964,0.044509823,0.83770553,0.843555915,0.837398248,0.080131426,0.083785422,0.088334856,0.089692387,0.62864677,0.053359214,0.319756322,0.529732183,0.59757581,0.026829614,0.037940303
0,0.500138764,0.143849434,0.117129287,0.107573313,0.745299251,0.730601646,0.716747055,0.251438376,0.254341027,0.257869678,0.251476783,0.495676608,0.422053077,0.094283322,0.136631866,0.151397712,0.04609073,1
0,0.036436959,0.10515698,0.066255304,0.048116162,0.764851304,0.797849678,0.824223693,0.027690301,0.025804409,0.026305977,0.026566269,0.882367501,0.018290605,0.677387949,0.785292783,0.61669689,0.005978688,0.014195361
0,0.022712703,0.168589411,0.102483747,0.077239727,0.623005721,0.687313754,0.717830489,0.033459854,0.032107552,0.033921388,0.034238147,0.84809284,0.021176624,0.622453206,0.757149342,0.705933722,0.009047221,0.010665853
0,0.01591256,0.000930165,0.000587846,0.000438929,0.997919994,0.998206434,0.998396518,0.000185449,0.000129555,0.000146437,0.000161448,0.814337378,0.02875017,0.546699533,0.69450749,1,0.020065156,0.005013179
0,0.020383613,0.000930165,0.000587846,0.000438929,0.997919994,0.998206434,0.998396518,0.000185449,0.000129555,0.000146437,0.000161448,0.828029008,0.026406532,0.574283582,0.716749887,0.711022037,0.011266443,0.012001388
0,0.013226605,0,0,0,1,1,1,0,0,0,0,0.84583208,0.015337715,0.639852008,0.787108488,0.686782263,0.008743029,0.005996537
0,0.016416912,0,0,0,1,1,1,0,0,0,0,0.845006286,0.014884888,0.643884475,0.79210168,0.461995621,0.002462782,0.019229984
0,0.019338838,0,0,0,1,1,1,0,0,0,0,0.87950861,0.014938892,0.689923502,0.807081253,0.722020963,0.008273175,0.005883045
0,0.074649053,0.013662555,0.008187021,0.005646769,0.969448228,0.975020734,0.97937142,0.002115454,0.002172024,0.002223466,0.002434887,0.808744119,0.025562171,0.549054238,0.706309578,0.465101729,0.006035896,0.031147941
0,0.051824504,0.075041374,0.050196598,0.040749264,0.832194865,0.846846099,0.851136189,0.039836467,0.039440988,0.038948817,0.037564944,0.7702836,0.030215887,0.491221325,0.667271902,0.342920121,0.003147757,0.054259448
0,0.112969911,0.012901511,0.008039086,0.005350195,0.971150051,0.975472095,0.980454853,0.003406773,0.002978135,0.002638301,0.002567238,0.697827847,0.048243863,0.380420273,0.569223786,0.37664923,0.008617457,0.078105876
0,0.043770925,0.003926022,0.00248764,0.001862485,0.991220755,0.992410009,0.993196035,0.000599782,0.000544526,0.000616945,0.000681855,0.933552427,0.003625849,0.845349426,0.926009986,0.822376557,0.003870533,0.00275913
0,0.031247013,0.007682922,0.00376455,0.002455633,0.982819693,0.988514051,0.991029168,0.001904744,0.0013594,0.001041772,0.001017631,0.757279687,0.048011736,0.442837423,0.60463005,0.715073507,0.027160276,0.015001666
0,0.021272889,0,0,0,1,1,1,0,0,0,0,0.793271625,0.029940495,0.523456355,0.685882887,0.56791589,0.012279905,0.016222677
0,0.052518039,0.004844107,0.002826332,0.002099744,0.989167763,0.99137663,0.992329288,0.001312667,0.000873569,0.000925967,0.000891399,0.594043102,0.069547429,0.265489439,0.463004993,0.32582865,0.020414174,0.04443276
0,0.1538589,0.091723946,0.070603807,0.063514283,0.794889828,0.784582042,0.767971807,0.058018988,0.058664083,0.060062143,0.059196743,0.597965466,0.125723185,0.232318009,0.384021788,0.222095648,0.013665697,0.264573937
0,0.028059965,0,0,0,1,1,1,0,0,0,0,0.766969052,0.035792395,0.474929461,0.645483432,0.729155339,0.021547182,0.013704739
0,0.194697508,0.204298088,0.14826566,0.125877859,0.58685144,0.61322404,0.628971578,0.103771664,0.104007653,0.108273972,0.10821669,0.554438478,0.385438312,0.124262682,0.17203813,0.089890215,0.021326086,0.961736264
0,0.005537268,0,0,0,1,1,1,0,0,0,0,0.850737492,0.02368543,0.615810633,0.743531548,0.805515462,0.010504533,0.011264205
0,0.019193496,0.216003672,0.149881263,0.113718326,0.516979457,0.542700077,0.584568126,0.048730974,0.048048551,0.047931579,0.047658056,0.698856374,0.092931747,0.326478227,0.467998184,0.150131369,0.009613778,0.121288665
0,0.022787207,0.069569104,0.04010589,0.028471102,0.844431782,0.877633667,0.895990351,0.012365304,0.011713666,0.013081926,0.013301238,0.845038732,0.021319569,0.615221485,0.752156151,0.80709469,0.014623667,0.004888653
0,0.028553152,0,0,0,1,1,1,0,0,0,0,0.919465921,0.01281035,0.760226262,0.839310032,0.587959932,0.004918045,0.011993168
0,0.023622839,0.023012527,0.013726788,0.008446427,0.948540119,0.958118454,0.969143804,0.003532292,0.003403313,0.003541533,0.003158686,0.811084568,0.026006355,0.557542615,0.713118475,0.548993521,0.010236694,0.015544456
0,0.075668302,0,0,0,1,1,1,0,0,0,0,0.654142602,0.054210287,0.330785456,0.529732183,0.513411442,0.019198633,0.063528322
0,0.050047446,0.118070572,0.081173356,0.060157066,0.735974342,0.752333489,0.780236278,0.06691498,0.068153519,0.069785245,0.071465371,0.708645784,0.053574466,0.378710233,0.555605992,0.44698529,0.018049441,0.036847406
0,0.032910299,0.00898757,0.005563125,0.003974091,0.979902283,0.983026452,0.985481986,0.001351203,0.001337173,0.001369386,0.001582355,0.825034567,0.018247508,0.595399261,0.75351793,0.578311435,0.006881336,0.012519137
0,0.022071365,0.034222829,0.020309884,0.01479311,0.923471998,0.938032891,0.94595832,0.007231336,0.006601649,0.006677811,0.006880872,0.83540519,0.027822265,0.583422271,0.719019519,0.757241949,0.016524916,0.008176161
0,0.018950596,0,0,0,1,1,1,0,0,0,0,0.901334521,0.009938582,0.746136606,0.850204267,0.859485252,0.006817809,0.003062361
0,0.057326067,0.034826832,0.021540079,0.016311569,0.922121345,0.934279468,0.940411138,0.007722003,0.007541042,0.007636997,0.007093131,0.710715382,0.039243632,0.411833373,0.608261462,0.389031717,0.006987885,0.048049208
0,0.041490668,0,0,0,1,1,1,0,0,0,0,0.846092806,0.01947148,0.624325598,0.763958239,0.571326389,0.00774174,0.013527023
0,0.048833087,0,0,0,1,1,1,0,0,0,0,0.784870843,0.022937178,0.539096512,0.718565592,0.793763391,0.013441675,0.009144094
0,0.104098605,0.070499269,0.049410207,0.041959286,0.842351776,0.849245438,0.846715779,0.052168124,0.053510165,0.055528336,0.055174249,0.704124445,0.038964463,0.403641177,0.603268271,0.472579778,0.017101155,0.034268174
0,0.058949781,0,0,0,1,1,1,0,0,0,0,0.739458781,0.033212378,0.451765614,0.641398094,0.441602906,0.010324197,0.026809235
0,0.040541923,0,0,0,1,1,1,0,0,0,0,0.759502748,0.033714736,0.470424519,0.647299138,0.576572124,0.01267968,0.023801168
0,0.030255026,0.111257414,0.069171176,0.053146057,0.751209708,0.788953116,0.805848655,0.045348437,0.044387781,0.046057918,0.045798378,0.746666366,0.036957068,0.451035086,0.631411711,0.504796409,0.012205011,0.024731022
0,0.057466915,0,0,0,1,1,1,0,0,0,0,0.731199833,0.034205006,0.445552262,0.639582388,0.600047157,0.014375532,0.019312848
0,0.081408847,0.017407376,0.010561763,0.007900731,0.961074179,0.967775203,0.971137322,0.002968239,0.002564045,0.00301844,0.003207223,0.708030942,0.061496117,0.367291695,0.533817522,0.540711452,0.025304991,0.038078043
0,0.030265304,0.128169507,0.082882392,0.058377622,0.713391423,0.747119082,0.786736881,0.03953749,0.03872252,0.039870672,0.041161775,0.871402232,0.017756687,0.660272022,0.778937812,0.762409078,0.010357614,0.007246591
0,0.028230694,0.157983112,0.108899443,0.082317073,0.646723189,0.667738942,0.699282101,0.035539157,0.036109884,0.036974646,0.037750286,0.734649015,0.031909652,0.451055233,0.645937358,0.36830859,0.006502472,0.030892889
0,0.027959033,0.209238835,0.134795811,0.102294296,0.532106771,0.588727017,0.626301997,0.066734468,0.067231266,0.069981598,0.070837893,0.963054759,0.004524675,0.886583626,0.929187472,0.66068117,0.002129202,0.009208164
0,0.004748453,0.001497928,0.000949897,0.000711778,0.99665038,0.997101788,0.997399759,0.000185449,0.000208492,0.000236452,0.0002616,0.907390635,0.010882252,0.758530449,0.856105311,0.601409004,0.005065764,0.007180672
0,0.002547945,0,0,0,1,1,1,0,0,0,0,0.905577184,0.00835251,0.768140309,0.871084884,0.577270043,0.003814366,0.00681584
0,0.000248668,0,0,0,1,1,1,0,0,0,0,0.846063292,0.020788221,0.61778228,0.754879709,0.525051566,0.005829545,0.014922717
0,0,0,0,0,1,1,1,0,0,0,0,0.847622868,0.026138486,0.603001256,0.729913754,0.684522997,0.012776549,0.009442052
0,0.078692834,0.039139416,0.025962549,0.019858594,0.912477682,0.920786151,0.92745327,0.008791749,0.008746225,0.009483892,0.009130034,0.737297485,0.026423877,0.468806536,0.672265093,0.51885235,0.008712036,0.027364055
0,0.070884546,0.002995857,0.001899794,0.001423555,0.993300761,0.994203575,0.994799518,0.000417331,0.000416083,0.000471828,0.00052194,0.753607852,0.025478906,0.490156439,0.685428961,0.640812042,0.011699726,0.016129972
0,0.048282839,0,0,0,1,1,1,0,0,0,0,0.722763876,0.034742774,0.431023955,0.628688153,0.481252064,0.010414188,0.024300076
0,0.110595857,0.052137568,0.037221162,0.028174528,0.883411629,0.886435206,0.897073784,0.015288674,0.016174338,0.016790734,0.017660482,0.624613876,0.077257789,0.280334992,0.462551067,0.384001565,0.02512845,0.060668096
0,0.091101061,0.004493785,0.002623895,0.001969251,0.989951141,0.991994282,0.992805999,0.000554062,0.000622773,0.00076246,0.000842207,0.622424099,0.049338811,0.317695449,0.535633227,0.404118355,0.016146306,0.041785512
0,0.106072671,0.005786352,0.003425857,0.002289551,0.987060744,0.98954743,0.991635891,0.000833513,0.00080624,0.000853937,0.000843112,0.726022414,0.037040546,0.423434734,0.613254653,0.376153022,0.008043718,0.062253933
0,0.074188943,0.101847042,0.069490404,0.057345544,0.772252883,0.787979127,0.790507231,0.064704495,0.066112815,0.069739841,0.07068217,0.708446935,0.042259567,0.401445564,0.593735815,0.650352613,0.022635381,0.025982043
0,0.055786014,0.008770128,0.004850703,0.002894562,0.980388518,0.985200112,0.989425686,0.001329398,0.001207749,0.001541379,0.001315081,0.807990967,0.023920769,0.559491708,0.720835225,0.661758692,0.009824452,0.016013754
0,0.06182532,0.077469468,0.046432047,0.034829648,0.82676524,0.858332047,0.872761529,0.021527204,0.018372057,0.018587134,0.018254345,0.801541439,0.021040468,0.560259771,0.732183386,0.429382802,0.005704156,0.026096502
0,0.160986148,0.102112804,0.068232958,0.051936035,0.771658596,0.791815695,0.810269065,0.050170819,0.049560724,0.049408988,0.048028797,0.675175204,0.061362371,0.342928377,0.526100772,0.421058931,0.011193985,0.117943483
0,0.115153127,0.025488941,0.020232024,0.017711398,0.943002441,0.938270449,0.935297331,0.025091736,0.024039144,0.023118842,0.021413689,0.454955341,0.136056803,0.147986652,0.315932819,0.465157859,0.07421335,0.049133099
0,0.126972065,0.096145251,0.065410519,0.052244472,0.785003048,0.800427187,0.809142293,0.075125735,0.077599748,0.081421793,0.083032875,0.556092546,0.1180619,0.210174711,0.374943259,0.19044592,0.020332597,0.147686221
